NAME,DESCRIPTION,ADDRESS1,ADDRESS2,ADDRESS3,CITY,POSTCODE,COUNTRY,LAT,LNG,VENUE_STATUS,BUSINESS_TYPE,TOILET,WHEELCHAIR_ACCESS,PHONE_PRIMARY,PHONE_SECONDARY,EMAIL_PRIMARY,EMAIL_SECONDARY,WEBSITE,FACEBOOK,TWITTER,OPENING_HOURS,MON_OPEN,MON_CLOSE,TUE_OPEN,TUE_CLOSE,WED_OPEN,WED_CLOSE,THU_OPEN,THU_CLOSE,FRI_OPEN,FRI_CLOSE,SAT_OPEN,SAT_CLOSE,SUN_OPEN,SUN_CLOSE,PRODUCT_LOCATION,STOCK
Crest Family Practice - William Budd,,Knowle West Health Park,Downton Road,,Bristol,BS4 1WH,United Kingdom,51.4287537,-2.5962626,Verified,Health Centre,,,0117 944 9700,,TBD,,,,,TRUE,8:30,18:30,8:30,18:30,8:30,18:30,8:30,18:30,8:30,18:30,,,,,TBD,
Knowle West Children's Centre,,Leinster Avenue,,,Bristol,BS4 1NN,United Kingdom,51.425095,-2.595069,Verified,Community Centre,,,0117 903 0214,,TBD,,,,,TRUE,18:58,18:00,18:58,18:00,18:58,18:00,18:58,18:00,18:58,18:00,18:58,18:00,18:58,18:00,TBD,
Filwood Community Centre,,Barnstaple Road,,,Bristol,BS4 1JP,United Kingdom,51.4255864,-2.5858419,Verified,Community Centre,,,0117 914 9216,,TBD,,,,,TRUE,9:00,21:00,9:00,21:00,9:00,21:00,9:00,21:00,9:00,12:00,9:00,12:00,9:00,22:00,TBD,
Filwood Library,,Filwood Broadway,,,Bristol,BS4 1JN,United Kingdom,51.4236115,-2.5858323,Verified,Library,,,0117 903 8581,,TBD,,,,,TRUE,11:00,17:00,,,11:00,17:00,,,11:00,17:00,10:00,14:00,,,TBD,
Eagle House Youth Centre,,Newquay Road,,,Bristol,BS4 1EG,United Kingdom,51.4245196,-2.5790593,Verified,Community Centre,,,0117 977 7795,,TBD,,,,,TRUE,0:00,23:00,0:00,23:00,0:00,23:00,0:00,23:00,0:00,23:00,0:00,23:00,0:00,23:00,TBD,
Eagle House Youth Centre,,Newquay Road,,,Bristol,BS4 1EG,United Kingdom,51.4245196,-2.5790593,Verified,Youth Club,,,0117 977 7795,,TBD,,,,,TRUE,0:00,23:00,0:00,23:00,0:00,23:00,0:00,23:00,0:00,23:00,0:00,23:00,0:00,23:00,TBD,
The Withywood Centre,,Queen's Road,,,Bristol,BS13 8QA,United Kingdom,51.4078187,-2.6217787,Verified,Foodbank,,,0117 987 8400,,TBD,,,,,TRUE,8:30,17:00,8:30,17:00,8:30,17:00,8:30,17:00,8:30,17:00,,,,,TBD,
Hartcliffe Club For Young People,,136-184 Gatehouse Avenue,,,Bristol,BS13 9AQ,United Kingdom,51.4111085,-2.6131197,Verified,Youth Club,,,,,TBD,,,,,TRUE,17:00,19:00,19:00,21:30,,,19:00,21:30,,,,,,,TBD,
The Gatehouse Centre,,The Gatehouse Centre,,,Bristol,BS13,United Kingdom,51.4127646,-2.6115078,Verified,Community Centre,,,,,TBD,,,,,FALSE,,,,,,,,,,,,,,,TBD,
Hareclive E-Act Academy,,Moxham Drive,,,Bristol,BS13 0HP,United Kingdom,51.4066312,-2.6027405,Verified,Youth Club,,,0117 903 8017,,TBD,,,,,FALSE,,,,,,,,,,,,,,,TBD,
Hartcliffe Nursery School and Children's Centre,,Moxham Drive,,,Bristol,BS13 0JW,United Kingdom,51.4073246,-2.6022168,Verified,Community Centre,,,0117 903 8633,,TBD,,,,,TRUE,8:30,17:30,8:30,17:30,8:30,17:30,8:30,17:30,8:30,17:30,,,,,TBD,
Hartcliffe Library,,Peterson Avenue,,,Bristol,BS13 0BE,United Kingdom,51.4046512,-2.5984785,Verified,Library,,,0117 903 8568,,TBD,,,,,TRUE,13:00,17:00,,,10:00,14:00,13:00,17:00,13:00,17:00,11:00,17:00,,,TBD,
Symes House,,Peterson Square,,,Bristol,BS13 0EE,United Kingdom,51.4046456,-2.5982882,Verified,Community Centre,,,,,TBD,,,,,FALSE,,,,,,,,,,,,,,,TBD,
Hartcliffe Health Centre,,Hareclive Road,,,Bristol,BS13 0JP,United Kingdom,51.4075933,-2.6013179,Verified,Health Centre,,,0117 301 5226,,TBD,,,,,TRUE,13:30,18:30,13:30,18:30,13:30,18:30,13:30,18:30,13:30,18:30,,,,,TBD,
Grange Road Surgery,,Grange Road,,,Bristol,BS13 8LD,United Kingdom,51.4134923,-2.6196639,Verified,GP,,,,,TBD,,,,,FALSE,,,,,,,,,,,,,,,TBD,
Heggard Close,,Heggard Close,,,Bristol,BS13 7SE,United Kingdom,51.4122636,-2.6162308,Verified,Community Centre,,,,,TBD,,,,,FALSE,,,,,,,,,,,,,,,TBD,
Bannerman Road Community Academy,,All Hallows Road,,,Bristol,BS5 0HR,United Kingdom,51.4638865,-2.5644085,Verified,Community Centre,,,0117 377 2080,,TBD,,,,,TRUE,8:00,17:00,8:00,17:00,8:00,17:00,8:00,17:00,8:00,17:00,,,,,TBD,
Easton Leisure Centre,,Thrissell Street,,,Bristol,BS5 0SW,United Kingdom,51.459761,-2.5738836,Verified,Community Centre,,,0117 955 8840,,TBD,,,,,TRUE,6:30,22:30,6:30,22:30,6:30,22:30,6:30,22:30,6:30,22:00,7:30,21:00,7:30,22:00,TBD,
Felix Road Adventure Playground,,Felix Road,,,Bristol,BS5 0JW,United Kingdom,51.463047,-2.567964,Verified,Community Centre,,,0117 902 2222,,TBD,,,,,TRUE,15:30,17:30,15:30,17:30,15:30,17:30,15:30,17:30,,,,,13:00,17:00,TBD,
Empire Fighting Chance,,Felix Road,,,Bristol,BS5 0YJ,United Kingdom,51.4661505,-2.5724299,Verified,Community Centre,,,0117 951 0188,,TBD,,,,,FALSE,,,,,,,,,,,,,,,TBD,
Rosemary Nursery School and Children's Centre,,St Judes Flats,,,Bristol,BS2 0DT,United Kingdom,51.4578248,-2.5801877,Verified,Community Centre,,,0117 903 1467,,TBD,,,,,FALSE,,,,,,,,,,,,,,,TBD,
Trinity Community Arts,,Trinity Centre,Trinity Road,,Bristol,BS2 0NW,United Kingdom,51.4580448,-2.576009,Verified,Community Centre,,,0117 935 1200,,TBD,,,,,TRUE,9:00,17:00,9:00,17:00,9:00,17:00,9:00,17:00,9:00,17:00,9:00,17:00,,,TBD,
Lawrence Hill Health Centre,,Hassell Drive,,,Bristol,BS2 0AN,United Kingdom,51.4576521,-2.5717554,Verified,Community Centre,,,0117 954 3060,,TBD,,,,,TRUE,8:00,18:30,8:00,18:30,8:00,18:30,8:00,18:30,8:00,18:30,,,,,TBD,
St Mungos,,1 New Street,,,Bristol,BS2 9DX,United Kingdom,51.4577768,-2.5823873,Verified,Health Centre,,,,,TBD,,,,,FALSE,,,,,,,,,,,,,,,TBD,
Charlotte Keel Medical Practice,,77 Seymour Road,,,Bristol,BS5 0UA,United Kingdom,51.4658447,-2.5713621,Verified,Health Centre,,,0117 902 7145,,TBD,,,,,TRUE,8:30,18:30,13:30,18:30,13:30,18:30,13:30,18:30,13:30,18:30,,,,,TBD,
The Trussell Trust Food Bank,,St Marks Baptist Church,Saint Marks Road,,Bristol,BS5 6HX,United Kingdom,51.4674328,-2.5648556,Verified,Foodbank,,,0117 951 0669,,TBD,,,,,FALSE,,,,,,,,,,,,,,,TBD,
St Mark's Church,,Saint Marks Road,,,Bristol,BS5 6HX,United Kingdom,51.467419,-2.5648863,Verified,Community Centre,,,07549 684803,,TBD,,,,,FALSE,,,,,,,,,,,,,,,TBD,
Bristol Futures Academy,,Beam Street,,,Bristol,BS5 9QY,United Kingdom,51.455344,-2.560764,Verified,Other,,,0117 955 1447,,TBD,,,,,FALSE,,,,,,,,,,,,,,,TBD,
The Black Development Agency,,5 Russell Town Avenue,,,Bristol,BS5 9LT,United Kingdom,51.459356,-2.5631963,Verified,Community Centre,,,,,TBD,,,,,FALSE,,,,,,,,,,,,,,,TBD,
Redfield Educate Together Primary Academy,,Avonvale Road,,,Bristol,BS5 9RH,United Kingdom,51.4578327,-2.5554099,Verified,Community Centre,,,0117 379 0777,,TBD,,,,,FALSE,,,,,,,,,,,,,,,TBD,
Easton Community Childrens Centre,,Russell Town Avenue,,,Bristol,BS5 9JF,United Kingdom,51.4592661,-2.562626,Verified,Community Centre,,,0117 939 2550,,TBD,,,,,TRUE,8:00,18:00,8:00,18:00,8:00,18:00,8:00,18:00,8:00,18:00,,,,,TBD,
Easton Community Centre,,Kilburn Street,,,Bristol,BS5 6AW,United Kingdom,51.4617648,-2.5629557,Verified,Community Centre,,,0117 954 1409,,TBD,,,,,TRUE,9:00,18:00,9:00,18:00,9:00,18:00,9:00,18:00,9:00,17:00,9:00,15:00,,,TBD,
The Limes Nursery School & Children's Centre,,Johnsons Road,,,Bristol,BS5 9AT,United Kingdom,51.464326,-2.5551378,Verified,Community Centre,,,0117 903 0317,,TBD,,,,,FALSE,,,,,,,,,,,,,,,TBD,
Redfield Care,,25 Verrier Road,,,Bristol,BS5 9LH,United Kingdom,51.4578965,-2.55674,Verified,Community Centre,,,0117 955 9592,,TBD,,,,,FALSE,,,,,,,,,,,,,,,TBD,
Wellspring Healthy Living Centre,,Beam Street,,,Bristol,BS5 9QY,United Kingdom,51.45577,-2.561529,Verified,Community Centre,,,0117 304 1400,,TBD,,,,,TRUE,9:00,20:00,9:00,20:00,9:00,20:00,9:00,20:00,9:00,20:00,,,,,TBD,
Southmead Adventure Playground,,Doncaster Road,,,Bristol,BS10 5PP,United Kingdom,51.4995286,-2.6035579,Verified,Other,,,0117 950 3607,,TBD,,,,,TRUE,,,15:30,17:30,15:30,17:30,,,,,12:30,16:00,,,TBD,
Elmfield School for Deaf Children,,Greystoke Avenue,,,Bristol,BS10 6AY,United Kingdom,51.4974658,-2.613268,Verified,Community Centre,,,0117 903 0366,,TBD,,,,,FALSE,,,,,,,,,,,,,,,TBD,
Ecole Francaise de Bristol,,Stanton Road,,,Bristol,BS10 5SJ,United Kingdom,51.5046909,-2.5911353,Verified,Community Centre,,,0117 969 2410,,TBD,,,,,TRUE,8:00,17:30,8:00,17:30,8:00,17:30,8:00,17:30,8:00,17:30,,,,,TBD,
Greenway Centre & Cafe,,Doncaster Road,,,Bristol,BS10 5PY,United Kingdom,51.4994852,-2.6089712,Verified,Foodbank,,,0117 950 3335,,TBD,,,,,TRUE,8:00,22:00,8:00,22:00,8:00,22:00,8:00,22:00,8:00,22:00,9:00,17:00,9:00,17:00,TBD,
Greystoke Avenue Public Toilets,,Public Conveniences Greystoke Avenue Bristol,,,Bristol,BS10 6AD,United Kingdom,51.4985,-2.6121,Verified,Public Toilet,,,0117 950 9713,,TBD,,,,,TRUE,9:00,23:00,9:00,23:00,9:00,23:00,9:00,23:00,9:00,23:00,9:00,23:00,9:00,23:00,TBD,
Badock's Wood Children's Centre,,Doncaster Road,,,Bristol,BS10 5PW,United Kingdom,51.4979544,-2.5997951,Verified,Community Centre,,,0117 377 2343,,TBD,,,,,FALSE,,,,,,,,,,,,,,,TBD,
Southmead Community Association,,248 Greystoke Avenue,,,Bristol,BS10 6BQ,United Kingdom,51.5032116,-2.6006301,Verified,Community Centre,,,,,TBD,,,,,FALSE,,,,,,,,,,,,,,,TBD,
Greystoke Avenue Bristol,,Greystoke Avenue Bristol,26 Greystoke Avenue,,Bristol,BS10 6AZ,United Kingdom,51.4982928,-2.6139489,Verified,Community Centre,,,,,TBD,,,,,FALSE,,,,,,,,,,,,,,,TBD,
Southmead Library,,143 Greystoke Avenue,,,Bristol,BS10 6AR,United Kingdom,51.5029639,-2.6037165,Verified,Library,,,0117 903 8583,,TBD,,,,,TRUE,,,11:00,17:00,11:00,17:00,,,13:00,17:00,11:00,17:00,,,TBD,
Southmead Youth Centre,,Greystoke Avenue,,,Bristol,BS10 6AS,United Kingdom,51.503283,-2.60387,Verified,Youth Club,,,0117 377 3605,,TBD,,,,,TRUE,16:30,21:00,9:45,20:00,15:30,21:00,15:30,21:00,16:00,19:30,,,,,TBD,
Southmead Health Centre,,Southmead Health Centre,,,Bristol,BS10 6DF,United Kingdom,51.5046694,-2.6015362,Verified,Health Centre,,,,,TBD,,,,,FALSE,,,,,,,,,,,,,,,TBD,
Greenway Community Practice,,Greystoke Avenue,,,Bristol,BS10 6AF,United Kingdom,51.4993757,-2.6105509,Verified,Health Centre,,,0117 959 8939,,TBD,,,,,TRUE,8:00,19:00,8:00,19:00,8:00,19:00,8:00,19:00,8:00,18:30,,,,,TBD,
Avonmouth Community Centre Association,,257 Avonmouth Road,,,Bristol,BS11 9EN,United Kingdom,51.5001642,-2.6983837,Verified,Community Centre,,,0117 903 8580,,TBD,,,,,TRUE,10:00,14:00,13:00,17:00,10:00,14:00,,,13:00,17:00,13:00,17:00,,,TBD,
Blaise Plant Nursery,,Kings Weston Road,,,Bristol,BS11 0UE,United Kingdom,51.5006499,-2.6498118,Verified,Community Centre,,,,,TBD,,,,,TRUE,10:00,16:00,10:00,16:00,10:00,16:00,10:00,16:00,10:00,16:00,10:00,16:00,10:00,16:00,TBD,
Cotswold Community Centre,,Dursley Road,,,Bristol,BS11 9XH,United Kingdom,51.48535,-2.6701551,Verified,Community Centre,,,07943 401575,,TBD,,,,,FALSE,,,,,,,,,,,,,,,TBD,
Knovill Close,,Knovill Close,,,Bristol,BS11 0SA,United Kingdom,51.5038151,-2.6534871,Verified,Community Centre,,,,,TBD,,,,,FALSE,,,,,,,,,,,,,,,TBD,
Ambition Lawrence Weston,,Long Cross,,,Bristol,BS11 0RX,United Kingdom,51.504905,-2.653724,Verified,Youth Club,,,0117 923 5112,,TBD,,,,,TRUE,9:00,22:00,9:00,22:00,9:00,22:00,9:00,22:00,9:00,22:00,9:00,22:00,9:00,22:00,TBD,
The City & Port Of Bristol Social & Sports Club,,Nibley Road,,,Bristol,BS11 9XW,United Kingdom,51.482429,-2.6756446,Verified,Community Centre,,,0117 982 3927,,TBD,,,,,FALSE,,,,,,,,,,,,,,,TBD,
Sea Mills Community Centre,,Sunny Hill,,,Bristol,BS9 2NQ,United Kingdom,51.4914846,-2.6496531,Verified,Community Centre,,,07710 629953,,TBD,,,,,FALSE,,,,,,,,,,,,,,,TBD,
Sea Mills Library,,Sylvan Way,,,Bristol,BS9 2NA,United Kingdom,51.4913819,-2.6492187,Verified,Library,,,0117 903 8555,,TBD,,,,,TRUE,10:00,14:00,10:00,14:00,13:00,17:00,13:00,17:00,10:00,15:00,10:00,15:00,,,TBD,
Shirehampton Library,,Station Road,,,Bristol,BS11 9TU,United Kingdom,51.4869366,-2.6756346,Verified,Library,,,0117 903 8570,,TBD,,,,,TRUE,13:00,17:00,,,13:00,17:00,10:00,14:00,13:00,17:00,10:00,14:00,,,TBD,
Shirehampton Public Hall,,Station Road,,,Bristol,BS11 9TX,United Kingdom,51.4869303,-2.6754681,Verified,Public Toilet,,,0117 982 9963,,TBD,,,,,FALSE,,,,,,,,,,,,,,,TBD,
Avonmouth Sea Cadets,,Station Road,,,Shirehampton,BS11 9XA,United Kingdom,51.483641,-2.68312,Verified,Public Toilet,,,0117 982 3938,,TBD,,,,,TRUE,18:30,21:00,,,,,18:30,21:00,,,,,,,TBD,
Bristol North West Foodbank,,Avonmouth Road,,,Bristol,BS11 9EN,United Kingdom,51.5009834,-2.6986544,Verified,Foodbank,,,,,TBD,,,,,FALSE,,,,,,,,,,,,,,,TBD,
Bristol North West Foodbank,,Avonmouth Road,,,Bristol,BS11 9EN,United Kingdom,51.5009834,-2.6986544,Verified,Foodbank,,,0117 325 8720,,TBD,,,,,FALSE,,,,,,,,,,,,,,,TBD,
Pioneer Medical Group Avonmouth,,1 Collins Street,,,Bristol,BS11 9JJ,United Kingdom,51.498733,-2.6951124,Verified,GP,,,0117 959 1919,,TBD,,,,,TRUE,8:00,18:30,8:00,18:30,8:00,18:30,8:00,18:30,8:00,18:30,,,,,TBD,
Shirehampton Group Practice,,Pembroke Road,,,Bristol,BS11 9SB,United Kingdom,51.488935,-2.6774145,Verified,Health Centre,,,0117 916 2226,,TBD,,,,,TRUE,8:30,18:30,8:30,18:30,8:30,18:30,8:30,18:30,8:30,18:30,,,,,TBD,
Pioneer Medical Group Ridingleaze,,Pembroke Road,,,Bristol,BS11 0QE,United Kingdom,51.5003987,-2.6597747,Verified,Health Centre,,,0117 959 1919,,TBD,,,,,TRUE,8:00,18:30,8:00,18:30,8:00,18:30,8:00,18:30,8:00,18:30,,,,,TBD,
Long Cross Specialist Children's Centre,,Long Cross,,,Bristol,BS11 0LP,United Kingdom,51.4973409,-2.6676008,Verified,Community Centre,,,0117 903 0740,,TBD,,,,,FALSE,,,,,,,,,,,,,,,TBD,
10-12 CONISTON ROAD,,PATCHWAY,,,BRISTOL,BS12 5JL,United Kingdom,55.9604,-3.1767,Pending,GP,,,,,TBD,,,,,FALSE,,,,,,,,,,,,,,,TBD,
11 Chiphouse Rd,,11 Chiphouse Road,,,Bristol,BS15 4TR,United Kingdom,51.4726194,-2.498018,Pending,GP,,,,,TBD,,,,,FALSE,,,,,,,,,,,,,,,TBD,
129 Greville Rd,,129 Greville Road,,,Bristol,BS3 1LE,United Kingdom,51.442107,-2.6068942,Pending,GP,,,,,TBD,,,,,FALSE,,,,,,,,,,,,,,,TBD,
14 Overnhill Rd,,14 Overnhill Road,,,Bristol,BS16 5DN,United Kingdom,51.4822786,-2.5130076,Pending,GP,,,,,TBD,,,,,FALSE,,,,,,,,,,,,,,,TBD,
168 Locking Rd,,168 Locking Road,,,Weston-super-Mare,BS23 3HG,United Kingdom,51.3461039,-2.9563106,Pending,GP,,,,,TBD,,,,,FALSE,,,,,,,,,,,,,,,TBD,
18 Four Acre Rd,,18 Four Acre Road,,,Bristol,BS16 6PG,United Kingdom,51.4989251,-2.4997089,Pending,GP,,,,,TBD,,,,,FALSE,,,,,,,,,,,,,,,TBD,
"19A, Hawkfield Way",,Osprey Court,Hawkfield Way,,Bristol,BS14 0BB,United Kingdom,51.4116174,-2.5929665,Pending,GP,,,,,TBD,,,,,FALSE,,,,,,,,,,,,,,,TBD,
209 Wells Rd,,209 Wells Road,,,Bristol,BS4 2DF,United Kingdom,51.4387928,-2.5727096,Pending,GP,,,,,TBD,,,,,FALSE,,,,,,,,,,,,,,,TBD,
232 Milton Rd,,232 Milton Road,,,Weston-super-Mare,BS22 8AG,United Kingdom,51.3527707,-2.9492302,Pending,GP,,,,,TBD,,,,,FALSE,,,,,,,,,,,,,,,TBD,
233 Wells Rd,,233 Wells Road,,,Bristol,BS4 2DF,United Kingdom,51.438018,-2.5715029,Pending,GP,,,,,TBD,,,,,FALSE,,,,,,,,,,,,,,,TBD,
GP Care,,Aztec West,,,Bristol,BS32 4AQ,United Kingdom,51.5452155,-2.5715992,Pending,GP,,,0333 332 2100,,TBD,,,,,TRUE,8:00,18:00,8:00,18:00,8:00,18:00,8:00,18:00,8:00,18:00,,,,,TBD,
25 B4054,,25 B4054,,,Bristol,BS6,United Kingdom,51.4713421,-2.5958748,Pending,GP,,,,,TBD,,,,,FALSE,,,,,,,,,,,,,,,TBD,
30 Inns Court Green,,30 Inns Court Green,,,Bristol,BS4 1TF,United Kingdom,51.420643,-2.5938664,Pending,GP,,,,,TBD,,,,,FALSE,,,,,,,,,,,,,,,TBD,
326,,Priory Surgery,326 Wells Road,,Bristol,BS4 2QJ,United Kingdom,51.4343045,-2.5660789,Pending,GP,,,,,TBD,,,,,FALSE,,,,,,,,,,,,,,,TBD,
43 Nevil Rd,,43 Nevil Road,,,Bristol,BS7 9EG,United Kingdom,51.4785546,-2.5870713,Pending,GP,,,,,TBD,,,,,FALSE,,,,,,,,,,,,,,,TBD,
Knowle West Health Park Company,,5 Knowle West Health Park,Downton Road,,Bristol,BS4 1WH,United Kingdom,51.4287537,-2.5962626,Pending,GP,,,0117 377 2255,,TBD,,,,,FALSE,,,,,,,,,,,,,,,TBD,
52 Clifton Down Rd,,52 Clifton Down Road,,,Bristol,BS8 4AH,United Kingdom,51.4572274,-2.6202435,Pending,GP,,,,,TBD,,,,,FALSE,,,,,,,,,,,,,,,TBD,
521 Filton Ave,,521 Filton Avenue,,,Bristol,BS7 0LS,United Kingdom,51.5008294,-2.5701905,Pending,GP,,,,,TBD,,,,,FALSE,,,,,,,,,,,,,,,TBD,
"2DT, 58 Pembroke Rd",,58 Pembroke Road,,,Bristol,BS8 3DT,United Kingdom,51.4612054,-2.6157794,Pending,GP,,,,,TBD,,,,,FALSE,,,,,,,,,,,,,,,TBD,
58 Pembroke Rd,,58 Pembroke Road,,,Bristol,BS8 3DT,United Kingdom,51.4612054,-2.6157794,Pending,GP,,,,,TBD,,,,,FALSE,,,,,,,,,,,,,,,TBD,
59-61 Stokes Croft,,59-61 Stokes Croft,,,Bristol,BS1 3QP,United Kingdom,51.4622873,-2.59045,Pending,GP,,,,,TBD,,,,,FALSE,,,,,,,,,,,,,,,TBD,
590 Wells Rd,,590 Wells Road,,,Bristol,BS14 9BD,United Kingdom,51.4206383,-2.5607066,Pending,GP,,,,,TBD,,,,,FALSE,,,,,,,,,,,,,,,TBD,
South Plaza,,South Plaza,Marlborough Street,,Bristol,BS1 3NX,United Kingdom,51.4598273,-2.5916089,Pending,GP,,,0117 992 2651,,TBD,,,,,FALSE,,,,,,,,,,,,,,,TBD,
Air Balloon Surgery,,Kenn Road,,,Bristol,BS5 7PD,United Kingdom,51.4588837,-2.5324711,Pending,GP,,,0117 909 9912,,TBD,,,,,TRUE,8:00,19:30,8:00,19:30,8:00,19:30,8:00,19:30,8:00,18:30,8:30,10:30,,,TBD,
Almondsbury Surgery,,Sundays Hill,,,Bristol,BS32 4DS,United Kingdom,51.5539077,-2.5737389,Pending,GP,,,01454 613161,,TBD,,,,,TRUE,8:30,19:00,8:30,19:30,8:30,18:00,8:30,19:00,8:30,18:00,,,,,TBD,
Pioneer Medical Group Avonmouth,,1 Collins Street,,,Bristol,BS11 9JJ,United Kingdom,51.498733,-2.6951124,Pending,GP,,,0117 959 1919,,TBD,,,,,TRUE,8:00,18:30,8:00,18:30,8:00,18:30,8:00,18:30,8:00,18:30,,,,,TBD,
59-61 Stokes Croft,,59-61 Stokes Croft,,,Bristol,BS1 3QP,United Kingdom,51.4622873,-2.59045,Pending,GP,,,,,TBD,,,,,FALSE,,,,,,,,,,,,,,,TBD,
Backwell Medical Centre,,15 West Town Road,,,Bristol,BS48 3HA,United Kingdom,51.413236,-2.7403141,Pending,GP,,,01275 465100,,TBD,,,,,TRUE,8:00,18:30,8:00,18:30,8:00,18:30,8:00,18:30,8:00,18:30,,,,,TBD,
Bedminster Family Practice,,Regent Road,,,Bristol,BS3 4AT,United Kingdom,51.4443838,-2.5939944,Pending,GP,,,0117 966 3149,,TBD,,,,,TRUE,8:30,18:30,8:30,18:30,8:30,18:30,8:30,18:30,8:30,18:30,8:00,17:30,,,TBD,
Birchwood Medical Practice,,Wick Road,,,Bristol,BS4 4HU,United Kingdom,51.4461443,-2.5472323,Pending,GP,,,0117 330 4225,,TBD,,,,,TRUE,8:00,18:30,8:00,18:30,8:00,18:30,8:00,18:30,8:00,18:30,,,,,TBD,
Boots,,59 Broadmead,,,Bristol,BS1 3EA,United Kingdom,51.4572095,-2.5895013,Pending,GP,,,0117 929 3631,,TBD,,,,,TRUE,8:00,20:00,8:00,20:00,8:00,20:00,8:00,20:00,8:00,20:00,8:00,20:00,11:00,17:00,TBD,
Bradley Stoke Surgery,,Bradley Stoke Surgery,Brook Way,,Bristol,BS32 9DA,United Kingdom,51.5409361,-2.5595089,Pending,GP,,,,,TBD,,,,,FALSE,,,,,,,,,,,,,,,TBD,
The Bridewell Police Station - Avon and Somerset Police,,One Bridewell Street,Bridewell Street,,Bristol,BS1 2AA,United Kingdom,51.4575052,-2.5933689,Pending,GP,,,01275 818340,,TBD,,,,,FALSE,,,,,,,,,,,,,,,TBD,
Broadmead Medical Centre,,59 Broadmead,,,Bristol,BS1 3EA,United Kingdom,51.4572209,-2.5895062,Pending,GP,,,0117 954 9828,,TBD,,,,,TRUE,8:00,20:00,8:00,20:00,8:00,20:00,8:00,20:00,8:00,20:00,8:00,20:00,11:00,17:00,TBD,
Dr J Rees - Brockway Medical Centre,,8 Brockway,,,Bristol,BS48 1BZ,United Kingdom,51.433076,-2.7552789,Pending,GP,,,01275 850600,,TBD,,,,,FALSE,,,,,,,,,,,,,,,TBD,
1 Unity St,,1 Unity Street,,,Bristol,BS1 5HH,United Kingdom,51.4533637,-2.6009724,Pending,GP,,,,,TBD,,,,,FALSE,,,,,,,,,,,,,,,TBD,
1 Unity St,,1 Unity Street,,,Bristol,BS1 5HH,United Kingdom,51.4533637,-2.6009724,Pending,GP,,,,,TBD,,,,,FALSE,,,,,,,,,,,,,,,TBD,
BROOK CLINIC,,25-27 DENMARK STREET,,,BRISTOL,BS1 5DQ,United Kingdom,51.453,-2.5987,Pending,GP,,,,,TBD,,,,,FALSE,,,,,,,,,,,,,,,TBD,
C/O COALPIT HEATH SURGERY,,"3 CHURCH LANE,COALPIT HTH",,,BRISTOL,BS36 2SR,United Kingdom,51.526,-2.4702,Pending,GP,,,,,TBD,,,,,FALSE,,,,,,,,,,,,,,,TBD,
Orchard Medical Centre,,MacDonald Walk,,,Bristol,BS15 8NJ,United Kingdom,51.461974,-2.51047,Pending,GP,,,0117 980 5100,,TBD,,,,,TRUE,8:00,18:00,8:00,18:00,8:00,18:00,8:00,18:00,8:00,18:00,8:00,13:00,,,TBD,
Maytrees Practice,,100A Fishponds Road,,,Bristol,BS5 6SA,United Kingdom,51.470411,-2.562747,Pending,GP,,,0117 244 4123,,TBD,,,,,TRUE,8:00,19:00,8:00,19:00,8:00,18:30,8:00,18:30,8:00,18:30,,,,,TBD,
Cadbury Heath Healthcare,,Parkwall Road,,,Bristol,BS30 8HS,United Kingdom,51.4471338,-2.4883423,Pending,GP,,,0117 980 5705,,TBD,,,,,TRUE,8:00,18:30,8:00,18:30,8:00,18:30,8:00,18:30,8:00,18:30,,,,,TBD,
Charlotte Keel Medical Practice,,77 Seymour Road,,,Bristol,BS5 0UA,United Kingdom,51.4658447,-2.5713621,Pending,GP,,,0117 902 7145,,TBD,,,,,TRUE,8:30,18:30,13:30,18:30,13:30,18:30,13:30,18:30,13:30,18:30,,,,,TBD,
Chew Medical Practice,,Chew Lane,,,Bristol,BS40 8UE,United Kingdom,51.3555326,-2.6303462,Pending,GP,,,01275 332420,,TBD,,,,,TRUE,8:00,18:00,8:00,18:00,8:00,19:30,8:00,18:00,8:00,18:00,9:00,12:00,,,TBD,
Chew Medical Practice,,Chew Lane,,,Bristol,BS40 8UE,United Kingdom,51.3555326,-2.6303462,Pending,GP,,,01275 332420,,TBD,,,,,TRUE,8:00,18:00,8:00,18:00,8:00,19:30,8:00,18:00,8:00,18:00,9:00,12:00,,,TBD,
Christchurch Family Medical Practice,,North Street,,,Bristol,BS16 5SG,United Kingdom,51.4854142,-2.5054555,Pending,GP,,,0117 970 8950,,TBD,,,,,TRUE,8:00,18:45,7:30,18:45,7:30,18:45,7:30,18:45,7:30,18:45,8:30,11:45,8:30,11:45,TBD,
Christchurch Family Medical Practice,,North Street,,,Bristol,BS16 5SG,United Kingdom,51.4854142,-2.5054555,Pending,GP,,,0117 970 8950,,TBD,,,,,TRUE,8:00,18:45,7:30,18:45,7:30,18:45,7:30,18:45,7:30,18:45,8:30,11:45,8:30,11:45,TBD,
1 Church Rd,,1 Church Road,,,Bristol,BS15 4AU,United Kingdom,51.4627723,-2.5037792,Pending,GP,,,,,TBD,,,,,FALSE,,,,,,,,,,,,,,,TBD,
Clevedon Medical Centre,,Clevedon Medical Centre,Old Street,,Clevedon,BS21 6DG,United Kingdom,51.437275,-2.845745,Pending,GP,,,01275 335666,,TBD,,,,,TRUE,8:30,18:30,8:30,18:30,8:30,18:30,8:30,18:30,8:30,18:30,,,,,TBD,
Amelia Nutt Clinic,,Queen's Road,,,Bristol,BS13 8QA,United Kingdom,51.4079707,-2.622144,Pending,GP,,,0117 987 8301,,TBD,,,,,FALSE,,,,,,,,,,,,,,,TBD,
The Homeless Health Service,,The Compass Centre,1 Jamaica Street,,Bristol,BS2 8JP,United Kingdom,51.4617968,-2.5918022,Pending,GP,,,0117 944 0581,,TBD,,,,,TRUE,8:00,20:00,8:00,20:00,8:00,20:00,8:00,20:00,8:00,20:00,8:00,20:00,10:00,18:00,TBD,
Concord Medical Centre,,Braydon Avenue,,,Bristol,BS34 6BQ,United Kingdom,51.5295059,-2.5548738,Pending,GP,,,01454 616767,,TBD,,,,,TRUE,8:00,19:30,8:00,18:30,8:00,18:30,8:00,18:30,8:00,18:30,8:30,12:30,,,TBD,
Corbet Close,,Corbet Close,,,Bristol,BS11 0TA,United Kingdom,51.5063848,-2.6496233,Pending,GP,,,,,TBD,,,,,FALSE,,,,,,,,,,,,,,,TBD,
Corum Office Park,,Crown Way,,,Bristol,BS30 8FJ,United Kingdom,51.4576883,-2.4758686,Pending,GP,,,,,TBD,,,,,FALSE,,,,,,,,,,,,,,,TBD,
Courtside Surgery,,Kennedy Way,,,Bristol,BS37 4DQ,United Kingdom,51.538977,-2.4150604,Pending,GP,,,01454 313874,,TBD,,,,,TRUE,8:00,20:00,8:30,20:00,8:00,19:00,8:00,20:00,8:00,19:00,,,,,TBD,
Downend Clinic,,Buckingham Gardens,,,Bristol,BS16 5TW,United Kingdom,51.4883852,-2.4996685,Pending,GP,,,0117 330 2505,,TBD,,,,,TRUE,9:00,17:00,9:00,17:00,9:00,17:00,9:00,17:00,9:00,17:00,9:00,17:00,9:00,17:00,TBD,
Eastgate Centre,,Eastgate Centre,,,Bristol,BS5 6XX,United Kingdom,51.4735402,-2.5675933,Pending,GP,,,,,TBD,,,,,FALSE,,,,,,,,,,,,,,,TBD,
Community Childrens Health Partnership,,Eastgate Centre,,,Bristol,BS5 6XX,United Kingdom,51.4737863,-2.5681724,Pending,GP,,,0117 340 8063,,TBD,,,,,TRUE,9:00,17:00,9:00,17:00,9:00,17:00,9:00,17:00,9:00,17:00,,,,,TBD,
Eastville Medical Practice,,Eastgate Centre,,,Bristol,BS5 6SA,United Kingdom,51.470411,-2.562747,Pending,GP,,,0117 244 4123,,TBD,,,,,TRUE,8:00,19:30,7:30,18:30,8:00,18:30,8:00,18:30,8:00,18:30,,,,,TBD,
Eastville Park,,Fishponds Road,,,Bristol,BS5 6XA,United Kingdom,51.4753453,-2.556363,Pending,GP,,,0117 922 2000,,TBD,,,,,TRUE,,,,,,,,,,,,,0:00,,TBD,
Elm Hayes Surgery,,Clandown Road,,,Bristol,BS39 7SF,United Kingdom,51.2992894,-2.4939726,Pending,GP,,,01761 413155,,TBD,,,,,TRUE,8:00,19:30,8:00,18:00,8:00,18:00,8:00,18:00,8:00,18:00,,,,,TBD,
Elm Hayes Surgery,,Clandown Road,,,Bristol,BS39 7SF,United Kingdom,51.2992894,-2.4939726,Pending,GP,,,01761 413155,,TBD,,,,,TRUE,8:00,19:30,8:00,18:00,8:00,18:00,8:00,18:00,8:00,18:00,,,,,TBD,
Fallodon Way Medical Centre,,13 Fallodon Way,,,Bristol,BS9 4HT,United Kingdom,51.4832635,-2.6105437,Pending,GP,,,0117 962 4692,,TBD,,,,,TRUE,8:00,18:30,8:00,18:30,8:00,18:30,8:00,18:30,14:30,18:30,,,,,TBD,
The Fishponds Family Practice,,Beechwood Road,,,Bristol,BS16 3TD,United Kingdom,51.4799937,-2.5264431,Pending,GP,,,0117 908 2365,,TBD,,,,,TRUE,7:30,19:00,7:30,19:00,7:30,19:00,7:30,19:00,7:30,18:30,,,,,TBD,
Fishponds Health Centre,,Fishponds Health Centre,Beechwood Road,,Bristol,BS16 3TD,United Kingdom,51.4797627,-2.5268295,Pending,GP,,,,,TBD,,,,,FALSE,,,,,,,,,,,,,,,TBD,
Fishponds Health Centre,,Fishponds Health Centre,Beechwood Road,,Bristol,BS16 3TD,United Kingdom,51.4797627,-2.5268295,Pending,GP,,,,,TBD,,,,,FALSE,,,,,,,,,,,,,,,TBD,
Gaywood House Surgery,,Gaywood House,North Street,,Bristol,BS3 3AZ,United Kingdom,51.440016,-2.6059792,Pending,GP,,,0117 966 1412,,TBD,,,,,TRUE,8:30,18:30,8:30,18:30,8:30,18:30,8:30,18:30,8:30,18:30,,,,,TBD,
Gloucester Road Medical Centre,,1A Church Road,,,Bristol,BS7 8SA,United Kingdom,51.4851285,-2.586894,Pending,GP,,,0117 949 7774,,TBD,,,,,TRUE,8:00,19:00,8:00,19:00,8:00,19:00,8:00,19:00,8:00,18:30,8:00,11:00,,,TBD,
Grange Road Surgery,,Grange Road,,,Bristol,BS13 8LD,United Kingdom,51.4134923,-2.6196639,Pending,GP,,,0117 964 4343,,TBD,,,,,TRUE,8:30,18:30,8:30,18:30,8:30,18:30,8:30,18:30,8:30,18:30,,,,,TBD,
Grange Road Surgery,,Grange Road,,,Bristol,BS13 8LD,United Kingdom,51.4134923,-2.6196639,Pending,GP,,,0117 964 4343,,TBD,,,,,TRUE,8:30,18:30,8:30,18:30,8:30,18:30,8:30,18:30,8:30,18:30,,,,,TBD,
Greenway Community Practice,,Greystoke Avenue,,,Bristol,BS10 6AF,United Kingdom,51.4993757,-2.6105509,Pending,GP,,,0117 959 8939,,TBD,,,,,TRUE,8:00,19:00,8:00,19:00,8:00,19:00,8:00,19:00,8:00,18:30,,,,,TBD,
Hampton House,,Hampton House,,,Bristol,BS8,United Kingdom,51.462045,-2.6038606,Pending,GP,,,,,TBD,,,,,FALSE,,,,,,,,,,,,,,,TBD,
Hanham Health,,33 Whittucks Road,,,Bristol,BS15 3PJ,United Kingdom,51.4435385,-2.5120098,Pending,GP,,,0117 935 2318,,TBD,,,,,TRUE,8:00,18:30,8:00,18:30,8:00,18:30,8:00,18:30,8:00,18:30,,,,,TBD,
Somerfield Lisa,,Bristol Road,,,Bristol,BS40 6HF,United Kingdom,51.3103521,-2.6321858,Pending,GP,,,01761 221869,,TBD,,,,,FALSE,,,,,,,,,,,,,,,TBD,
Hartcliffe Health Centre,,Hareclive Road,,,Bristol,BS13 0JP,United Kingdom,51.4075933,-2.6013179,Pending,GP,,,0117 301 5226,,TBD,,,,,TRUE,13:30,18:30,13:30,18:30,13:30,18:30,13:30,18:30,13:30,18:30,,,,,TBD,
Hartwood Healthcare,,Hareclive Road,,,Bristol,BS13 0JP,United Kingdom,51.4076383,-2.6018607,Pending,GP,,,0117 301 5226,,TBD,,,,,TRUE,8:00,18:30,8:00,18:30,8:00,18:30,8:00,18:30,8:00,18:30,,,,,TBD,
Heywood Family Practice,,1 Lodway Gardens,,,Bristol,BS20 0DL,United Kingdom,51.480381,-2.6898,Pending,GP,,,01275 372105,,TBD,,,,,TRUE,8:00,19:00,8:00,19:00,8:00,19:00,8:00,18:30,8:00,19:00,,,,,TBD,
Heywood Family Practice,,1 Lodway Gardens,,,Bristol,BS20 0DL,United Kingdom,51.480381,-2.6898,Pending,GP,,,01275 372105,,TBD,,,,,TRUE,8:00,19:00,8:00,19:00,8:00,19:00,8:00,18:30,8:00,19:00,,,,,TBD,
HM Prison Ashfield,,Shortwood Road,,,Bristol,BS16 9QJ,United Kingdom,51.4818316,-2.4390737,Pending,GP,,,0117 303 8000,,TBD,,,,,TRUE,,,,,,,,,14:00,17:00,14:00,17:00,14:00,17:00,TBD,
HMP Bristol,,19 Cambridge Road,,,Bristol,BS7 8PS,United Kingdom,51.4805314,-2.5906347,Pending,GP,,,0117 372 3100,,TBD,,,,,TRUE,9:00,17:00,9:00,17:00,9:00,17:00,,,9:00,17:00,9:00,17:00,9:00,17:00,TBD,
The Homeless Health Service,,The Compass Centre,1 Jamaica Street,,Bristol,BS2 8JP,United Kingdom,51.4617968,-2.5918022,Pending,GP,,,0117 944 0581,,TBD,,,,,TRUE,8:00,20:00,8:00,20:00,8:00,20:00,8:00,20:00,8:00,20:00,8:00,20:00,10:00,18:00,TBD,
Horfield Health Centre,,Lockleaze Road,,,Bristol,BS7 9RR,United Kingdom,51.490028,-2.576755,Pending,GP,,,0117 969 5391,,TBD,,,,,TRUE,8:00,18:30,8:00,18:30,8:00,18:30,8:00,18:30,8:00,18:30,8:30,12:00,,,TBD,
Hotwells Surgery,,2-3 Charles Place,,,Bristol,BS8 4QW,United Kingdom,51.4498472,-2.6188113,Pending,GP,,,0117 929 4334,,TBD,,,,,FALSE,,,,,,,,,,,,,,,TBD,
The John Milton Clinic,,2-3 Charles Place,,,Bristol,BS10 7DP,United Kingdom,51.5091941,-2.6188086,Pending,GP,,,0117 950 0844,,TBD,,,,,FALSE,,,,,,,,,,,,,,,TBD,
Kennedy Way Surgery,,Kennedy Way,,,Bristol,BS37 4AA,United Kingdom,51.5396062,-2.4150922,Pending,GP,,,01454 313849,,TBD,,,,,TRUE,7:30,18:30,8:00,18:30,7:30,18:30,7:30,18:30,7:30,18:30,,,,,TBD,
Kings Centre,,16-18 King Square,,,Bristol,BS2 8JL,United Kingdom,51.4620002,-2.592116,Pending,GP,,,,,TBD,,,,,FALSE,,,,,,,,,,,,,,,TBD,
Kingswood Health Centre,,Alma Road,,,Bristol,BS15 4EJ,United Kingdom,51.4630039,-2.4999376,Pending,GP,,,0117 301 2080,,TBD,,,,,TRUE,8:00,18:30,8:00,18:30,8:00,18:30,8:00,18:30,8:00,18:30,,,,,TBD,
Kingswood Hub,,Alma Road,,,Bristol,BS15 4DA,United Kingdom,51.4628778,-2.50072,Pending,GP,,,01454 862433,,TBD,,,,,TRUE,8:30,17:00,8:30,17:00,8:30,17:00,8:30,17:00,8:30,16:30,,,,,TBD,
Downend Clinic,,Buckingham Gardens,,,Bristol,BS16 5TW,United Kingdom,51.4883852,-2.4996685,Pending,GP,,,0117 330 2505,,TBD,,,,,TRUE,9:00,17:00,9:00,17:00,9:00,17:00,9:00,17:00,9:00,17:00,9:00,17:00,9:00,17:00,TBD,
knowle west health park,,knowle west health park,,,Bristol,BS4,United Kingdom,51.4288813,-2.5952978,Pending,GP,,,,,TBD,,,,,FALSE,,,,,,,,,,,,,,,TBD,
knowle west health park,,knowle west health park,,,Bristol,BS4,United Kingdom,51.4288813,-2.5952978,Pending,GP,,,,,TBD,,,,,FALSE,,,,,,,,,,,,,,,TBD,
Mendip Vale Medical Practice (Langford),,Pudding Pie Lane,,,Bristol,BS40 5EL,United Kingdom,51.3418151,-2.7883927,Pending,GP,,,01934 839820,,TBD,,,,,TRUE,8:00,18:30,6:00,18:30,8:00,18:30,8:00,18:30,8:00,18:30,8:30,12:30,,,TBD,
Lawrence Hill Health Centre,,Hassell Drive,,,Bristol,BS2 0AN,United Kingdom,51.4575421,-2.5719773,Pending,GP,,,0117 954 3060,,TBD,,,,,TRUE,8:00,18:30,8:00,18:30,8:00,18:30,8:00,18:30,8:00,18:30,,,,,TBD,
Lawrence Hill Health Centre,,Hassell Drive,,,Bristol,BS2 0AN,United Kingdom,51.4575421,-2.5719773,Pending,GP,,,0117 954 3060,,TBD,,,,,TRUE,8:00,18:30,8:00,18:30,8:00,18:30,8:00,18:30,8:00,18:30,,,,,TBD,
Leap Valley Surgery,,48 Beaufort Road,,,Bristol,BS16 6UG,United Kingdom,51.4963223,-2.489525,Pending,GP,,,0117 956 2979,,TBD,,,,,TRUE,8:00,18:30,8:00,18:30,8:00,18:30,8:00,18:30,8:00,18:30,,,,,TBD,
Leap Valley Surgery,,48 Beaufort Road,,,Bristol,BS16 6UG,United Kingdom,51.4963223,-2.489525,Pending,GP,,,0117 956 2979,,TBD,,,,,TRUE,8:00,18:30,8:00,18:30,8:00,18:30,8:00,18:30,8:00,18:30,,,,,TBD,
Leap Valley Surgery,,48 Beaufort Road,,,Bristol,BS16 6UG,United Kingdom,51.4963223,-2.489525,Pending,GP,,,0117 956 2979,,TBD,,,,,TRUE,8:00,18:30,8:00,18:30,8:00,18:30,8:00,18:30,8:00,18:30,,,,,TBD,
Litfield House Medical Centre,,Litfield Place,,,Bristol,BS8 3LS,United Kingdom,51.4574459,-2.6227446,Pending,GP,,,0117 973 1323,,TBD,,,,,TRUE,8:30,18:00,8:30,20:00,8:30,18:00,8:30,18:00,8:30,18:00,9:00,13:00,,,TBD,
Monks Park Surgery,,24 Monks Park Avenue,,,Bristol,BS7 0UE,United Kingdom,51.4976919,-2.5833843,Pending,GP,,,0117 375 5376,,TBD,,,,,TRUE,7:30,18:30,7:30,18:30,8:30,19:30,8:30,18:30,8:30,18:30,9:00,12:00,,,TBD,
Montpelier Health Centre,,24 Monks Park Avenue,,,Bristol,BS6 5PT,United Kingdom,51.4669826,-2.5893549,Pending,GP,,,0117 942 6811,,TBD,,,,,TRUE,8:00,18:30,7:30,18:30,14:00,18:30,7:30,20:00,8:00,18:30,9:00,12:00,,,TBD,
Montpelier Health Centre,,24 Monks Park Avenue,,,Bristol,BS6 5PT,United Kingdom,51.4669826,-2.5893549,Pending,GP,,,0117 942 6811,,TBD,,,,,TRUE,8:00,18:30,7:30,18:30,14:00,18:30,7:30,20:00,8:00,18:30,9:00,12:00,,,TBD,
Bristol North CLDT,,New Friends Hall,Heath House Lane,,Bristol,BS16 1EQ,United Kingdom,51.4831173,-2.5582322,Pending,GP,,,0117 908 5000,,TBD,,,,,FALSE,,,,,,,,,,,,,,,TBD,
North Street,,North Street,,,Bristol,BS16 5SG,United Kingdom,51.485077,-2.5054778,Pending,GP,,,,,TBD,,,,,FALSE,,,,,,,,,,,,,,,TBD,
Northville Family Practice,,521 Filton Avenue,,,Bristol,BS7 0LS,United Kingdom,51.5007989,-2.5700503,Pending,GP,,,0117 969 2164,,TBD,,,,,TRUE,8:00,18:00,8:00,18:00,8:00,18:00,7:30,18:30,8:00,18:30,,,,,TBD,
Orchard Medical Centre,,MacDonald Walk,,,Bristol,BS15 8NJ,United Kingdom,51.461974,-2.51047,Pending,GP,,,0117 980 5100,,TBD,,,,,TRUE,8:00,18:00,8:00,18:00,8:00,18:00,8:00,18:00,8:00,18:00,8:00,13:00,,,TBD,
Patchway Clinic,,Thirlmere Road,,,Patchway,BS34 5PD,United Kingdom,51.5311721,-2.5758214,Pending,GP,,,0117 969 2370,,TBD,,,,,TRUE,8:30,17:00,8:30,17:00,8:30,17:00,8:30,17:00,8:30,17:00,,,,,TBD,
Patchway Clinic,,Thirlmere Road,,,Patchway,BS34 5PD,United Kingdom,51.5311721,-2.5758214,Pending,GP,,,0117 969 2370,,TBD,,,,,TRUE,8:30,17:00,8:30,17:00,8:30,17:00,8:30,17:00,8:30,17:00,,,,,TBD,
Paulton Memorial Hospital,,Salisbury Road,,,Bristol,BS39 7SB,United Kingdom,51.298687,-2.4932671,Pending,GP,,,01761 412315,,TBD,,,,,TRUE,8:00,21:15,8:00,21:15,8:00,21:15,8:00,21:15,8:00,21:15,8:00,21:15,8:00,21:15,TBD,
Pembroke Road Surgery,,111A Pembroke Road,,,Bristol,BS8 3EU,United Kingdom,51.4640686,-2.6180354,Pending,GP,,,0117 973 3790,,TBD,,,,,TRUE,8:00,18:30,8:00,19:00,8:00,19:00,8:00,18:30,8:00,18:30,,,,,TBD,
The Pilning Surgery,,111A Pembroke Road,,,Bristol,BS35 4JF,United Kingdom,51.564119,-2.6412057,Pending,GP,,,01454 632393,,TBD,,,,,TRUE,8:30,18:15,8:30,18:15,7:30,18:15,7:30,17:00,8:30,18:15,,,,,TBD,
Pioneer Medical Group - Bradgate,,Ardenton Walk,,,Bristol,BS10 6SP,United Kingdom,51.5101868,-2.6176306,Pending,GP,,,0117 959 1919,,TBD,,,,,TRUE,8:00,18:30,8:00,18:30,8:00,18:30,8:00,18:30,8:00,18:30,8:00,13:00,,,TBD,
Portishead Health Centre,,Victoria Square,,,Bristol,BS20 6AQ,United Kingdom,51.4824483,-2.76765,Pending,GP,,,01275 841630,,TBD,,,,,TRUE,8:00,18:30,8:00,20:00,8:00,20:00,8:00,18:30,8:00,18:30,,,,,TBD,
Pioneer Medical Group Avonmouth,,1 Collins Street,,,Bristol,BS11 9JJ,United Kingdom,51.498733,-2.6951124,Pending,GP,,,0117 959 1919,,TBD,,,,,TRUE,8:00,18:30,8:00,18:30,8:00,18:30,8:00,18:30,8:00,18:30,,,,,TBD,
Prime Endoscopy Bristol,,8 Millennium Promenade,,,Bristol,BS1 5TY,United Kingdom,51.4498633,-2.6030999,Pending,GP,,,0117 910 3790,,TBD,,,,,FALSE,,,,,,,,,,,,,,,TBD,
PUBLIC HEALTH BUS TEAM,,"AVONQUAY,CUMBERLAND BASIN",,,BRISTOL,BS1 6XL,United Kingdom,51.4479,-2.6177,Pending,GP,,,,,TBD,,,,,FALSE,,,,,,,,,,,,,,,TBD,
Pucklechurch Surgery,,12 Becket Court,,,Bristol,BS16 9QG,United Kingdom,51.4837117,-2.4369228,Pending,GP,,,0117 937 2350,,TBD,,,,,FALSE,,,,,,,,,,,,,,,TBD,
Pioneer Medical Group Ridingleaze,,12 Becket Court,,,Bristol,BS11 0QE,United Kingdom,51.5003987,-2.6597747,Pending,GP,,,0117 959 1919,,TBD,,,,,TRUE,8:00,18:30,8:00,18:30,8:00,18:30,8:00,18:30,8:00,18:30,,,,,TBD,
South Bristol Community Hospital,,Hengrove Promenade,,,Bristol,BS14 0DE,United Kingdom,51.4127377,-2.5831508,Pending,GP,,,0117 923 0000,,TBD,,,,,TRUE,8:00,20:00,8:00,20:00,8:00,20:00,8:00,20:00,8:00,20:00,8:00,20:00,8:00,20:00,TBD,
Salisbury Road,,Salisbury Road,,,Bristol,BS39 7SB,United Kingdom,51.2990457,-2.4942637,Pending,GP,,,,,TBD,,,,,FALSE,,,,,,,,,,,,,,,TBD,
Sea Mills Surgery,,Sea Mills Surgery,2 Riverleaze,,Bristol,BS9 2HL,United Kingdom,51.4851793,-2.6500109,Pending,GP,,,0117 968 1182,,TBD,,,,,TRUE,8:00,18:30,8:00,18:30,8:00,18:30,8:00,18:30,8:00,18:30,,,,,TBD,
Shirehampton Group Practice,,Pembroke Road,,,Bristol,BS11 9SB,United Kingdom,51.488935,-2.6774145,Pending,GP,,,0117 916 2226,,TBD,,,,,TRUE,8:30,18:30,8:30,18:30,8:30,18:30,8:30,18:30,8:30,18:30,,,,,TBD,
Sirona Care & Health CIC,,Kingswood Civic Centre,High Street,,Bristol,BS15 9TR,United Kingdom,51.4623929,-2.5019447,Pending,GP,,,01225 831400,,TBD,,,,,TRUE,9:00,17:00,9:00,17:00,9:00,17:00,9:00,17:00,9:00,17:00,,,,,TBD,
South Plaza,,South Plaza,Marlborough Street,,Bristol,BS1 3NX,United Kingdom,51.4598273,-2.5916089,Pending,GP,,,0117 992 2651,,TBD,,,,,FALSE,,,,,,,,,,,,,,,TBD,
Southmead Health Centre,,Southmead Health Centre,Marlborough Street,,Bristol,BS10 6DF,United Kingdom,51.5046694,-2.6015362,Pending,GP,,,,,TBD,,,,,FALSE,,,,,,,,,,,,,,,TBD,
Southmead Hospital,,Southmead Road,,,Bristol,BS10 5NB,United Kingdom,51.4968176,-2.5916111,Pending,GP,,,0117 950 5050,,TBD,,,,,TRUE,,,,,,,,,,,,,0:00,,TBD,
Saint George Health Centre,,Saint George Health Centre,Bellevue Road,,Bristol,BS5 7PH,United Kingdom,51.4606087,-2.5286328,Pending,GP,,,,,TBD,,,,,FALSE,,,,,,,,,,,,,,,TBD,
Dr L Ward - Crest Family Practice St Johns Lane Health Centre,,St Johns Lane Health Centre,Saint John's Lane,,Bristol,BS3 5AS,United Kingdom,51.4362069,-2.5888049,Pending,GP,,,0117 953 6677,,TBD,,,,,FALSE,,,,,,,,,,,,,,,TBD,
Saint Lukes Close,,Saint Lukes Close,,,Bristol,BS16 7AL,United Kingdom,51.4926448,-2.4763927,Pending,GP,,,,,TBD,,,,,FALSE,,,,,,,,,,,,,,,TBD,
St Peter's Hospice,,Charlton Road,,,Bristol,BS10 6NL,United Kingdom,51.5051039,-2.6109119,Pending,GP,,,0117 915 9400,,TBD,,,,,TRUE,9:00,17:00,9:00,17:00,9:00,17:00,9:00,17:00,9:00,17:00,9:00,17:00,,,TBD,
St Augustine's Medical Practice - Keynsham Surgery,,The Chocolate Factory,Via Traversus,,Bristol,BS31 2GN,United Kingdom,51.4230312,-2.494438,Pending,GP,,,0117 986 2343,,TBD,,,,,TRUE,8:00,18:00,8:00,18:00,8:00,18:00,8:00,18:00,8:00,18:00,,,,,TBD,
Saint George Health Centre,,Saint George Health Centre,Bellevue Road,,Bristol,BS5 7PH,United Kingdom,51.4606087,-2.5286328,Pending,GP,,,,,TBD,,,,,FALSE,,,,,,,,,,,,,,,TBD,
St Martins Surgery,,378 Wells Road,,,Bristol,BS4 2QR,United Kingdom,51.4310508,-2.5645131,Pending,GP,,,0117 977 5641,,TBD,,,,,FALSE,,,,,,,,,,,,,,,TBD,
University of Bristol Student Health Service,,Saint Michael's Hill,,,Bristol,BS6 6AU,United Kingdom,51.462045,-2.6038606,Pending,GP,,,0117 330 2720,,TBD,,,,,TRUE,8:45,19:45,8:45,17:30,8:45,17:30,8:45,19:45,8:45,17:30,9:00,12:00,,,TBD,
Sunnyside Surgery,,4 Sunnyside Road,,,Clevedon,BS21 7TA,United Kingdom,51.4384313,-2.858641,Pending,GP,,,01275 873588,,TBD,,,,,TRUE,8:00,18:30,8:00,18:30,8:00,18:30,8:00,18:30,8:00,18:30,,,,,TBD,
Sussex Place Surgery,,63 Sussex Place,,,Bristol,BS2 9QR,United Kingdom,51.4684004,-2.5796681,Pending,GP,,,0117 955 6275,,TBD,,,,,FALSE,,,,,,,,,,,,,,,TBD,
Temple House Practice,,Saint Clements Road,,,Bristol,BS31 1AF,United Kingdom,51.4095431,-2.4974272,Pending,GP,,,0117 986 2406,,TBD,,,,,TRUE,8:00,18:00,8:00,18:00,8:00,18:00,8:00,18:00,8:00,18:00,,,,,TBD,
Temple House Practice,,Saint Clements Road,,,Bristol,BS31 1AF,United Kingdom,51.4095431,-2.4974272,Pending,GP,,,0117 986 2406,,TBD,,,,,TRUE,8:00,18:00,8:00,18:00,8:00,18:00,8:00,18:00,8:00,18:00,,,,,TBD,
Blackberry Hill Hospital,,Manor Road,,,Bristol,BS16 2EW,United Kingdom,51.4826979,-2.5386134,Pending,GP,,,0117 378 4441,,TBD,,,,,FALSE,,,,,,,,,,,,,,,TBD,
The Brooms,,The Brooms,,,Bristol,BS16 7FH,United Kingdom,51.5037332,-2.4841556,Pending,GP,,,,,TBD,,,,,FALSE,,,,,,,,,,,,,,,TBD,
The Family Practice Western College,,The Family Practice Western College,,,Bristol,BS6,United Kingdom,51.4626569,-2.6031162,Pending,GP,,,,,TBD,,,,,FALSE,,,,,,,,,,,,,,,TBD,
OSJCT Grace Care Centre,,Whitebridge Gardens,,,Bristol,BS35 2FR,United Kingdom,51.6018091,-2.5159047,Pending,GP,,,01454 549400,,TBD,,,,,TRUE,,,,,,,,,,,,,0:00,,TBD,
The Lennard Surgery,,1 Lewis Road,,,Bristol,BS13 7JD,United Kingdom,51.4244378,-2.6137314,Pending,GP,,,0117 964 2211,,TBD,,,,,TRUE,14:00,18:30,14:00,18:30,14:00,18:30,14:00,18:30,14:00,18:30,,,,,TBD,
Marina Healthcare Centre,,2 Haven View,,,Bristol,BS20 7QA,United Kingdom,51.484434,-2.7582456,Pending,GP,,,01275 868500,,TBD,,,,,TRUE,8:00,18:30,8:00,18:30,8:00,18:30,8:00,18:30,8:00,18:30,,,,,TBD,
Old School Surgery,,2 Haven View,,,Bristol,BS16 2JB,United Kingdom,51.482115,-2.5293435,Pending,GP,,,0117 965 3102,,TBD,,,,,TRUE,8:00,18:30,8:00,18:30,8:00,18:30,8:00,18:30,8:00,18:30,,,,,TBD,
Cadbury Heath Healthcare,,Parkwall Road,,,Bristol,BS30 8HS,United Kingdom,51.4471338,-2.4883423,Pending,GP,,,0117 980 5705,,TBD,,,,,TRUE,8:00,18:30,8:00,18:30,8:00,18:30,8:00,18:30,8:00,18:30,,,,,TBD,
The Salvation Army Logos House,,Wade Street,,,Bristol,BS2 9EL,United Kingdom,51.4595496,-2.5801788,Pending,GP,,,0117 955 2821,,TBD,,,,,TRUE,,,,,,,,,,,,,0:00,,TBD,
Concord Medical Centre,,Wade Street,,,Bristol,BS34 6BQ,United Kingdom,51.5291885,-2.5553418,Pending,GP,,,01454 616767,,TBD,,,,,FALSE,,,,,,,,,,,,,,,TBD,
St Mary Street Surgery,,the surgery,Saint Mary Street,,Bristol,BS35 2AT,United Kingdom,51.6068587,-2.5253974,Pending,GP,,,01454 413691,,TBD,,,,,TRUE,8:30,18:30,8:30,18:30,8:30,18:30,8:30,18:30,8:30,18:30,,,,,TBD,
Wellington Road Family Practice,,Wellington Road,,,Bristol,BS37 5UY,United Kingdom,51.5490738,-2.4187079,Pending,GP,,,01454 323366,,TBD,,,,,TRUE,8:30,18:30,8:30,18:30,8:30,18:30,8:30,18:30,8:30,18:30,,,,,TBD,
Wellspring Surgery,,Beam Street,,,Bristol,BS5 9QY,United Kingdom,51.4557786,-2.5614345,Pending,GP,,,0117 955 7711,,TBD,,,,,TRUE,8:00,18:30,8:00,18:30,8:00,18:30,8:00,18:30,8:00,18:30,,,,,TBD,
The Willow Surgery,,10 Hill House Road,,,Bristol,BS16 5FJ,United Kingdom,51.4851568,-2.4973667,Pending,GP,,,0117 970 9500,,TBD,,,,,TRUE,8:00,19:30,8:00,19:30,8:00,19:30,8:00,19:30,8:00,18:30,,,,,TBD,
Yate West Gate Centre and Minor Injuries Unit,,21 West Walk,,,Bristol,BS37 4AX,United Kingdom,51.5400695,-2.4145138,Pending,GP,,,01454 315355,,TBD,,,,,TRUE,8:00,20:00,8:00,20:00,8:00,20:00,8:00,20:00,8:00,20:00,8:00,20:00,8:00,20:00,TBD,
The Station,,Silver Street,,,Bristol,BS1 2AG,United Kingdom,51.4574639,-2.5929752,Pending,GP,,,0117 947 7948,,TBD,,,,,TRUE,9:00,22:00,9:00,22:00,9:00,22:00,9:00,22:00,9:00,22:00,11:00,17:00,,,TBD,
Thornbury Health Centre,,9-10 Eastland Road,,,Bristol,BS35 1DP,United Kingdom,51.6122423,-2.5181591,Pending,GP,,,01454 412167,,TBD,,,,,TRUE,8:00,18:30,8:00,18:30,8:00,18:30,8:00,18:30,8:00,18:30,,,,,TBD,
Anthony Brookes Surveys Ltd,,9-10 Eastland Road,,,Bristol,BS35 2BS,United Kingdom,51.604917,-2.524148,Pending,GP,,,01454 419133,,TBD,,,,,TRUE,8:30,17:00,8:30,17:00,8:30,17:00,8:30,17:00,8:30,17:00,,,,,TBD,
Tower House Medical Centre,,Stock Way South,,,Bristol,BS48 2XX,United Kingdom,51.4326622,-2.7600526,Pending,GP,,,01275 866700,,TBD,,,,,TRUE,8:00,18:30,8:00,18:30,8:00,18:30,8:00,18:30,8:00,18:30,,,,,TBD,
Tower House Medical Centre,,Stock Way South,,,Bristol,BS48 2XX,United Kingdom,51.4326622,-2.7600526,Pending,GP,,,01275 866700,,TBD,,,,,TRUE,8:00,18:30,8:00,18:30,8:00,18:30,8:00,18:30,8:00,18:30,,,,,TBD,
BrisDoc Healthcare Services,,Business Park,Hawkfield Way,,Bristol,BS14 0BB,United Kingdom,51.4116174,-2.5929665,Pending,GP,,,0117 937 0900,,TBD,,,,,TRUE,8:00,18:30,8:00,18:30,8:00,18:30,8:00,18:30,8:00,18:30,,,,,TBD,
Eclipse Office Park,,High Street,,,Bristol,BS16 5EL,United Kingdom,51.4810314,-2.5134926,Pending,GP,,,,,TBD,,,,,FALSE,,,,,,,,,,,,,,,TBD,
One Care Consulting & Services Limited,,Business Park,Hawkfield Way,,Bristol,BS14 0BB,United Kingdom,51.4121235,-2.5933018,Pending,GP,,,0117 941 0900,,TBD,,,,,TRUE,8:00,18:00,8:00,18:00,8:00,18:00,8:00,18:00,8:00,17:00,,,,,TBD,
Bishopston Medical Practice,,43 Nevil Road,,,Bristol,BS7 9EG,United Kingdom,51.4785629,-2.5870004,Pending,GP,,,0117 944 0701,,TBD,,,,,TRUE,8:30,18:30,8:30,19:00,8:30,18:30,8:30,19:00,8:30,18:30,,,,,TBD,
Whitchurch Health Centre,,Armada Road,,,Bristol,BS14 0SU,United Kingdom,51.413526,-2.5718277,Pending,GP,,,01275 839421,,TBD,,,,,TRUE,8:30,18:30,8:30,18:30,8:30,18:30,8:30,18:30,8:30,18:30,,,,,TBD,
Whiteladies Health Centre,,Whatley Road,,,Bristol,BS8 2PU,United Kingdom,51.465182,-2.611687,Pending,GP,,,0117 973 1201,,TBD,,,,,TRUE,7:30,18:30,7:30,18:30,7:30,18:30,7:30,18:30,7:30,18:30,,,,,TBD,
Wick Surgery,,111 High Street,,,Bristol,BS30 5QQ,United Kingdom,51.4522437,-2.4229878,Pending,GP,,,0117 937 2214,,TBD,,,,,FALSE,,,,,,,,,,,,,,,TBD,
Crest Family Practice - William Budd,,Knowle West Health Park,Downton Road,,Bristol,BS4 1WH,United Kingdom,51.4287537,-2.5962626,Pending,GP,,,0117 944 9700,,TBD,,,,,TRUE,8:30,18:30,8:30,18:30,8:30,18:30,8:30,18:30,8:30,18:30,,,,,TBD,
Yate Leisure Centre Car Park,,Unnamed Road,,,Bristol,BS37 4PY,United Kingdom,51.5400879,-2.4164192,Pending,GP,,,,,TBD,,,,,FALSE,,,,,,,,,,,,,,,TBD,
Yate West Gate Centre,,Yate West Gate Centre,21 West Walk,,Bristol,BS37 4AX,United Kingdom,51.5405066,-2.4142113,Pending,GP,,,,,TBD,,,,,FALSE,,,,,,,,,,,,,,,TBD,
Mendip Vale Medical Practice - Yatton,,155 Mendip Road,,,Bristol,BS49 4ER,United Kingdom,51.384611,-2.823958,Pending,GP,,,01934 839820,,TBD,,,,,TRUE,8:00,18:30,8:00,18:30,8:00,18:30,8:00,20:00,8:00,18:30,,,,,TBD,
Ebenezer Church,,286 Filton Avenue,,,Bristol,BS7 0BA,United Kingdom,51.4941194,-2.5749741,Pending,Foodbank,,,0117 979 1399,,info@northbristol.foodbank.org.uk,,https://northbristol.foodbank.org.uk/locations/,,,TRUE,9:00,17:00,9:00,17:00,9:00,17:00,9:00,17:00,9:00,17:00,,,10:00,13:00,TBD,
Revive Charity Shop,,557 Filton Avenue,,,Bristol,BS7 0QH,United Kingdom,51.501917,-2.569009,Pending,Foodbank,,,0117 969 8800,,info@northbristol.foodbank.org.uk,,https://northbristol.foodbank.org.uk/locations/,,,TRUE,9:00,17:00,9:00,17:00,9:00,12:00,9:00,17:00,9:00,17:00,9:00,16:00,,,TBD,
Buzz Lockleaze,,6 Gainsborough Square,,,Bristol,BS7 9XA,United Kingdom,51.4907904,-2.564281,Pending,Foodbank,,,0117 269 0006,,info@northbristol.foodbank.org.uk,,https://northbristol.foodbank.org.uk/locations/,,,TRUE,,,10:00,14:00,10:00,14:00,10:00,14:00,,,,,,,TBD,
Southmead Foodbank Outlet,,Greenway Centre,Doncaster Road,Southmead,Bristol,BS10 5PY,United Kingdom,51.4994,-2.6075,Pending,Foodbank,,,1179791399,,info@northbristol.foodbank.org.uk,,https://northbristol.foodbank.org.uk/locations/,,,TRUE,,,,,,,15:00,17:00,,,,,,,TBD,
St Chads Church,,172 Rodway Road,,,Bristol,BS34 5ED,United Kingdom,51.5310358,-2.5804819,Pending,Foodbank,,,0117 979 3978,,info@northbristol.foodbank.org.uk,,https://northbristol.foodbank.org.uk/locations/,,,FALSE,,,,,,,,,,,,,,,TBD,
Bristol North West Foodbank,,Avonmouth Road,,,Bristol,BS11 9EN,United Kingdom,51.5009834,-2.6986544,Pending,Foodbank,,,0117 923 5343,,office@bristolnwfoodbank.org.uk,,http://bristolnwfoodbank.org.uk/,,,FALSE,,,,,,,,,,,,,,,TBD,
Emmanuel Chapel,,Satchfield Crescent,,,Bristol,BS10 7BN,United Kingdom,51.504933,-2.619835,Pending,Foodbank,,,0117 950 1951,,office@bristolnwfoodbank.org.uk,,http://bristolnwfoodbank.org.uk/,,,FALSE,,,,,,,,,,,,,,,TBD,
Bristol North West Foodbank,,Avonmouth Road,,,Bristol,BS11 9EN,United Kingdom,51.5009834,-2.6986544,Pending,Foodbank,,,0117 923 5343,,office@bristolnwfoodbank.org.uk,,http://bristolnwfoodbank.org.uk/,,,FALSE,,,,,,,,,,,,,,,TBD,
Hope Chapel,,Hope Chapel Hill,,,Bristol,BS8 4ND,United Kingdom,51.4512764,-2.6215643,Pending,Foodbank,,,0117 927 2600,,office@bristolnwfoodbank.org.uk,,http://bristolnwfoodbank.org.uk/,,,TRUE,9:00,17:00,9:00,17:00,9:00,17:00,9:00,17:00,,,,,,,TBD,
The Trussell Trust Food Bank,,St Marks Baptist Church,Saint Marks Road,,Bristol,BS5 6HX,United Kingdom,51.4674328,-2.5648556,Pending,Foodbank,,,07584 625082,,ebfoodbank@crisis-centre.org.uk,,http://eastbristol.foodbank.org.uk/,,,TRUE,,,,,,,,,14:00,16:30,,,,,TBD,
Fishponds Baptist Church,,9 Downend Road,,,Bristol,BS16 5AS,United Kingdom,51.482488,-2.5230273,Pending,Foodbank,,,0117 965 3421,,ebfoodbank@crisis-centre.org.uk,,http://eastbristol.foodbank.org.uk/,,,TRUE,,,,,,,,,,,,,10:00,12:30,TBD,
The Trussell Trust Food Bank,,St Marks Baptist Church,Saint Marks Road,,Bristol,BS5 6HX,United Kingdom,51.4674328,-2.5648556,Pending,Foodbank,,,07584 625082,,ebfoodbank@crisis-centre.org.uk,,http://eastbristol.foodbank.org.uk/,,,TRUE,,,,,,,,,14:00,16:30,,,,,TBD,
Bourne Christian Centre,,St Marks Baptist Church,Saint Marks Road,,Bristol,BS15 8BE,United Kingdom,51.462971,-2.515493,Pending,Foodbank,,,0117 947 8441,,ebfoodbank@crisis-centre.org.uk,,http://eastbristol.foodbank.org.uk/,,,TRUE,,,,,,,,,,,,,10:30,12:30,TBD,
St Francis' Church,,Warwick Road,,,Bristol,BS31 2PW,United Kingdom,51.4085404,-2.5059806,Pending,Foodbank,,,0117 986 3354,,keynshamfoodbank@gmail.com,,http://keynsham.foodbank.org.uk/,,,FALSE,,,,,,,,,,,,,,,TBD,
Keynsham Methodist Church Victoria Centre,,2 Charlton Road,,,Bristol,BS31 2JA,United Kingdom,51.4161031,-2.4989652,Pending,Foodbank,,,0117 914 9408,,keynshamfoodbank@gmail.com,,http://keynsham.foodbank.org.uk/,,,TRUE,9:00,12:00,9:00,12:00,9:00,12:30,9:00,12:30,9:00,12:00,9:00,12:00,9:00,18:30,TBD,
The Trussell Trust Food Bank,,88 Station Road,,,Bristol,BS37 4PH,United Kingdom,51.5405355,-2.4239624,Pending,Foodbank,,,01454 326395,07512 523343,info@yatechippingsodbury.foodbank.org.uk,,http://yatechippingsodbury.foodbank.org.uk/,,,FALSE,,,,,,,,,,,,,,,TBD,
Resound,,Blackhorse Road,,,Bristol,BS16 9BP,United Kingdom,51.4945109,-2.4854223,Pending,Foodbank,,,0117 305 0969,,info@yatechippingsodbury.foodbank.org.uk,,http://yatechippingsodbury.foodbank.org.uk/,,,TRUE,9:00,17:00,9:00,17:00,9:00,17:00,9:00,15:00,9:00,15:00,,,9:00,14:00,TBD,
Thornbury Baptist Church,,Gillingstool,,,Bristol,BS35 2EG,United Kingdom,51.6078656,-2.5223725,Pending,Foodbank,,,01454 419118,,info@yatechippingsodbury.foodbank.org.uk,,http://yatechippingsodbury.foodbank.org.uk/,,,TRUE,10:00,14:00,10:00,14:00,10:00,14:00,10:00,14:00,10:00,14:00,,,,,TBD,
The Clocktower Association,,144 Tower Road North,,,Bristol,BS30 8XU,United Kingdom,51.4533845,-2.4765202,Pending,Community Centre,,,0117 967 1655,,goddesstemplebristol@gmail.com,,https://www.facebook.com/pg/BristolGoddessTemple/about/?ref=page_internal,,@GoddessBristol,TRUE,10:00,13:00,10:00,13:00,10:00,13:00,,,,,,,,,TBD,
Bristol Rovers Football Club Ltd,,Filton Avenue,,,Bristol,BS7 0BF,United Kingdom,51.4865663,-2.5826826,Pending,Other,Yes,Yes,0117 909 6648,,davesams@bristolrovers.co.uk.,,https://www.facebook.com/officialbristolrovers/?ref=bookmarks,,@Official_BRFC,TRUE,9:00,17:00,9:00,17:00,9:00,17:00,9:00,17:00,9:00,17:00,9:00,17:00,,,TBD,
The Lounge,,"227-231 North Street, Bedminster, Bristol",,,Bristol,BS3 1JJ,United Kingdom,51.4411417,-2.6121372,Pending,Public Toilet,TRUE,TRUE,,,,,,,,TRUE,9:00,23:00,9:00,23:00,9:00,23:00,9:00,23:00,9:00,23:00,9:00,23:00,9:00,23:00,TBD,
Broadwalk Shopping Centre,,"Broadwalk, Knowle, Bristol",,,Bristol,BS4 2QU,United Kingdom,51.4344162,-2.5680084,Pending,Public Toilet,TRUE,TRUE,,,,,,,,TRUE,8:00,18:30,8:00,18:30,8:00,18:30,8:00,18:30,8:00,19:30,8:00,18:00,10:00,16:00,TBD,
Barton Hill Settlement,,"41-43 Ducie Road,
 BS5 0AX",,,Bristol,BS5 0AX,United Kingdom,51.4562509,-2.5636739,Pending,Public Toilet,TRUE,TRUE,,,,,,,,TRUE,9:00,16:00,9:00,16:00,9:00,16:00,9:00,16:00,9:00,16:00,,,,,TBD,
A4 Brislington Park and Ride,,"Brislington Park And Ride, Stockwood Road, Brislington, Bristol",,,Bristol,BS4 5ZZ,United Kingdom,51.4279082,-2.5370892,Pending,Public Toilet,TRUE,TRUE,,,,,,,,TRUE,6:30,21:30,6:30,21:30,6:30,21:30,6:30,21:30,6:30,21:30,7:30,20:00,,,TBD,
"The Park, Daventry Road",,"Daventry Road, Knowle, Bristol",,,Bristol,BS4 1DQ,United Kingdom,51.4297264,-2.5814611,Pending,Public Toilet,TRUE,TRUE,,,,,,,,TRUE,7:00,22:00,7:00,22:00,7:00,22:00,7:00,22:00,7:00,22:00,9:00,16:00,9:00,16:00,TBD,
JD Weatherspoon - The Robert Fitzharding,,"The Robert Fitzharding, 24 Cannon St, Bedminster,
 BS3 1BN",,,Bristol,BS3 1BN,United Kingdom,51.4411849,-2.6008679,Pending,Public Toilet,TRUE,TRUE,,,,,,,,TRUE,8:00,24:00:00,8:00,24:00:00,8:00,24:00:00,8:00,24:00:00,8:00,1:00:00,8:00,1:00,8:00,24:00:00,TBD,
Tesco - Golden Hill,,"Golden Hill, Lime Trees Road,
 BS6 7XW",,,Bristol,BS6 7XW,United Kingdom,51.4857264,-2.5961679,Pending,Public Toilet,TRUE,TRUE,,,,,,,,TRUE,8:00,22:00,8:00,22:00,8:00,22:00,8:00,22:00,8:00,22:00,8:00,22:00,10:00,16:00,TBD,
Morrison's - Hartcliffe,,"Hareclive Rd, Petersons Avenue, Hartcliffe",,,Bristol,BS14 0BE,United Kingdom,51.4052022,-2.5996336,Pending,Public Toilet,TRUE,TRUE,,,,,,,,TRUE,7:00,22:00,7:00,22:00,7:00,22:00,7:00,22:00,7:00,22:00,7:00,22:00,7:00,22:00,TBD,
Redcatch Park Public Conveniences,,"Broad Walk, Knowle, Bristol",,,Bristol,BS4 2RA,United Kingdom,51.4340039,-2.571934,Pending,Public Toilet,TRUE,TRUE,,,,,,,,TRUE,7:00,16:30,7:00,16:30,7:00,16:30,7:00,16:30,7:00,16:30,7:00,16:30,7:00,16:30,TBD,
St George's Bristol,,"Great George Street (off Park Street), Bristol",,,Bristol,BS1 5RR,United Kingdom,51.4542267,-2.6037356,Pending,Public Toilet,TRUE,TRUE,,,,,,,,TRUE,10:00,18:00,10:00,18:00,10:00,18:00,10:00,18:00,10:00,18:00,10:00,18:00,10:00,18:00,TBD,
Canford Cemetery and Crematorium,,"Canford Lane, Westbury-on-Trym, Bristol",,,Bristol,BS9 3PQ,United Kingdom,51.4943763,-2.6270008,Pending,Public Toilet,TRUE,TRUE,,,,,,,,TRUE,9:00,16:00,9:00,16:00,9:00,16:00,9:00,16:00,9:00,16:00,11:00,16:00,11:00,16:00,TBD,
Arnolfini Cafe (Bristol Beer Factory),,"Arnolfini, Narrow Quay, Bristol",,,Bristol,BS1 4QA,United Kingdom,51.4492816,-2.597373,Pending,Public Toilet,TRUE,TRUE,,,,,,,,TRUE,9:00,16:00,9:00,22:00,9:00,22:00,9:00,22:00,9:00,23:00,10:00,23:00,10:00,18:00,TBD,
The Lounge Coffee Shop and Bar Ltd,,167 Greystoke Avenue,,,Bristol,BS10 6AS,United Kingdom,51.503316,-2.6026473,Pending,Public Toilet,TRUE,FALSE,,,,,,,,TRUE,9:00,16:00,9:00,16:00,9:00,16:00,9:00,22:30,9:00,22:30,9:00,22:30,8:00,14:00,TBD,
Blackboy Hill Urinal,,Top of Blackboy Hill (Westbury Road) just before the Downs,,,Bristol,BS8 1PB,United Kingdom,51.4708628,-2.6154102,Pending,Public Toilet,TRUE,FALSE,,,,,,,,TRUE,0:00,24:00:00,0:00,24:00:00,0:00,24:00:00,0:00,24:00:00,0:00,24:00:00,0:00,24:00:00,0:00,24:00:00,TBD,
Knowle West Media Centre,,Linster Avenue,,,Bristol,BS4 1NL,United Kingdom,51.4254807,-2.593128,Pending,Public Toilet,TRUE,TRUE,,,,,,,,TRUE,9:30,17:00,9:30,17:00,9:30,17:00,9:30,17:00,9:30,17:00,,,,,TBD,
Avonmouth Community Centre,,"257 Avonmouth Road, Avonmouth",,,Bristol,BS11 9EN,United Kingdom,51.5001643,-2.6983594,Pending,Public Toilet,TRUE,TRUE,,,,,,,,TRUE,9:30,16:30,9:30,16:30,9:30,16:30,9:30,16:30,,,,,,,TBD,
St Andrews Park - Public Conveniences,,"Melita Rd (& Effingham Road), Bristol",,,Bristol,BS6 5AZ,United Kingdom,51.4740165,-2.5870381,Pending,Public Toilet,TRUE,TRUE,,,,,,,,TRUE,7:30,21:00,7:30,21:00,7:30,21:00,7:30,21:00,7:30,21:00,7:30,21:00,7:30,21:00,TBD,
Dundridge Public Conveniences,,"Recreation Ground Dundridge Lane Bristol,
 BS5 8SZ",,,Bristol,BS5 8SZ,United Kingdom,51.4498319,-2.5287123,Pending,Public Toilet,TRUE,FALSE,,,,,,,,FALSE,,,,,,,,,,,,,,,TBD,
Redcatch Park Pavillion,,"Redcatch Park, Broad Walk, Knowle",,,Bristol,BS4 2RA,United Kingdom,51.4339479,-2.5713943,Pending,Public Toilet,TRUE,TRUE,,,,,,,,FALSE,,,,,,,,,,,,,,,TBD,
Sainsbury's - St Phillips Causeway,,"St Philips Causeway, St Philips,
 BS4 3QU",,,Bristol,BS4 3QU,United Kingdom,51.4430156,-2.5598275,Pending,Public Toilet,TRUE,FALSE,,,,,,,,TRUE,7:00,22:00,7:00,22:00,7:00,22:00,7:00,22:00,7:00,22:00,7:00,22:00,7:00,22:00,TBD,
"City Hall, Bristol City Council",,"College Green, Bristol",,,Bristol,BS1 5TL,United Kingdom,51.4526073,-2.6020397,Pending,Public Toilet,TRUE,TRUE,,,,,,,,TRUE,8:00,19:00,8:00,19:00,8:00,19:00,8:00,19:00,8:00,19:00,,,,,TBD,
Bristol Central Library,,"Deanery Road, Bristol",,,Bristol,BS1 5TL,United Kingdom,51.4514844,-2.6025898,Pending,Public Toilet,TRUE,TRUE,,,,,,,,TRUE,10:00,19:00,10:00,19:00,,,10:00,19:00,10:00,16:45,10:00,16:45,13:00,16:45,TBD,
Millenium Square car park public toilets,,"Canons Way, Bristol",,,Bristol,BS1 5LL,United Kingdom,51.449441,-2.6005339,Pending,Public Toilet,TRUE,TRUE,,,,,,,,TRUE,11:00,17:00,11:00,17:00,11:00,17:00,11:00,17:00,11:00,17:00,11:00,17:00,11:00,17:00,TBD,
Canford Cemetery - Public Convenience,,"Canford Lane Westbury-on-Trym, Bristol",,,Bristol,BS9 3PQ,United Kingdom,51.4931573,-2.6264704,Pending,Public Toilet,TRUE,TRUE,,,,,,,,TRUE,9:00,16:00,9:00,16:00,9:00,16:00,9:00,16:00,9:00,16:00,9:00,16:00,10:00,16:00,TBD,
Blaise Castle House Museum and Roman Villa,,Henbury Road,,,Bristol,BS10 7QS,United Kingdom,51.5057675,-2.6324355,Pending,Public Toilet,TRUE,FALSE,,,,,,,,TRUE,10:00,17:00,,,,,11:00,16:00,11:00,16:00,11:00,16:00,11:00,16:00,TBD,
Tesco - Callington Road,,"Callington Road,
 BS4 5AY",,,Bristol,BS4 5AY,United Kingdom,51.432475,-2.5546494,Pending,Public Toilet,TRUE,TRUE,,,,,,,,TRUE,8:00,22:00,8:00,22:00,8:00,22:00,8:00,22:00,8:00,22:00,10:00,16:00,,,TBD,
Cafe on the Square,,"Shirehampton Road, Bristol",,,Bristol,BS9 2DY,United Kingdom,51.4879828,-2.6475945,Pending,Public Toilet,TRUE,TRUE,,,,,,,,TRUE,9:00,17:00,9:00,17:00,9:00,17:00,9:00,17:00,9:00,17:00,10:00,14:00,,,TBD,
The Wellspring Healthy Living Centre,,"Bean Street, Barton Hill",,,Bristol,BS5 9QY,United Kingdom,51.4557585,-2.5614234,Pending,Public Toilet,TRUE,TRUE,,,,,,,,TRUE,9:00,19:00,9:00,19:00,9:00,19:00,9:00,19:00,9:00,19:00,,,,,TBD,
Brandon Hill Park - Public Conveniences,,"Great George Street, City Centre, Bristol",,,Bristol,BS1 5RR,United Kingdom,51.4537439,-2.6074708,Pending,Public Toilet,TRUE,TRUE,,,,,,,,TRUE,8:00,15:30,8:00,15:30,8:00,15:30,8:00,15:30,8:00,15:30,8:00,15:30,8:00,15:30,TBD,
Sainburys Winterstoke Road,,111 Winterstoke Road,,,Bristol,BS3 3NS,United Kingdom,51.4337265,-2.6193472,Pending,Public Toilet,TRUE,TRUE,,,,,,,,TRUE,7:00,22:00,7:00,22:00,7:00,22:00,7:00,22:00,7:00,22:00,7:00,22:00,10:00,16:00,TBD,
Stonehouse Pizza and Carvery,,Henbury Arms 189 Henbury Road,,,Bristol,BS10 7AD,United Kingdom,51.50596,-2.6284039,Pending,Public Toilet,TRUE,TRUE,,,,,,,,TRUE,8:00,22:00,8:00,22:00,8:00,22:00,8:00,22:00,8:00,22:00,8:00,22:00,8:00,22:00,TBD,
"Hengrove Play Park, Hengrove Leisure Centre,",,"Hengrove way, Hengrove, Bristol,
 BS14 0HR",,,Bristol,BS14 0HR,United Kingdom,51.4154325,-2.5849137,Pending,Public Toilet,TRUE,TRUE,,,,,,,,FALSE,,,,,,,,,,,,,,,TBD,
Avonmouth Medical Centre (Pioneer Medical Group),,"1 Collins Street, Bristol",,,Bristol,BS11 9JJ,United Kingdom,51.4987533,-2.694529,Pending,Public Toilet,TRUE,TRUE,,,,,,,,TRUE,8:00,18:30,8:00,18:30,8:00,18:30,8:00,18:30,8:00,17:00,,,,,TBD,
Henbury Sports Centre,,Avonmouth Way,,,Bristol,BS10 7NG,United Kingdom,51.5093074,-2.6327884,Pending,Public Toilet,TRUE,TRUE,,,,,,,,TRUE,7:15,22:00,7:15,22:00,7:15,22:00,7:15,22:00,7:15,22:00,7:15,22:00,7:30,20:00,TBD,
Mshed,,"Prince's Wharf, Wapping Road",,,Bristol,BS1 4RN,United Kingdom,51.4477456,-2.5979753,Pending,Public Toilet,TRUE,TRUE,,,,,,,,TRUE,10:00,17:00,10:00,17:00,10:00,17:00,10:00,17:00,10:00,17:00,10:00,17:00,10:00,17:00,TBD,
the Life Boat,,"25 High St, Bristol",,,Bristol,BS11 0DX,United Kingdom,51.489005,-2.6753649,Pending,Public Toilet,TRUE,FALSE,,,,,,,,TRUE,10:00,23:00,10:00,23:00,10:00,23:00,10:00,23:00,10:00,23:00,10:00,23:00,12:00,22:00,TBD,
Sea Walls Public Toilets,,Circular Road By Sea Walls viewing Area,,,Bristol,BS9 1ZZ,United Kingdom,51.4701439,-2.6355419,Pending,Public Toilet,TRUE,TRUE,,,,,,,,TRUE,7:30,18:00,7:30,18:00,7:30,18:00,7:30,18:00,7:30,18:00,7:30,18:00,7:30,18:00,TBD,
A4 Portway Park & Ride,,"A4 Portway, Bristol",,,Bristol,BS11 9QE,United Kingdom,51.4899866,-2.6885941,Pending,Public Toilet,TRUE,TRUE,,,,,,,,TRUE,6:00,21:40,6:00,21:40,6:00,21:40,6:00,21:40,6:00,21:40,6:00,21:40,9:00,18:40,TBD,
BCC Customers Service Point,,"100 Temple Street, Redcliff, Bristol",,,Bristol,BS1 6AG,United Kingdom,51.4496047,-2.5865772,Pending,Public Toilet,TRUE,TRUE,,,,,,,,FALSE,,,,,,,,,,,,,,,TBD,
Ridingleaze Medical Centre (Pioneer Medical Group),,"Ridingleaze, Lawrence Weston",,,Bristol,BS11 0QE,United Kingdom,51.500447,-2.6598141,Pending,Public Toilet,TRUE,TRUE,,,,,,,,TRUE,8:00,18:30,8:00,18:30,8:00,18:30,8:00,18:30,8:00,18:30,,,,,TBD,
Southville Centre,,"Beauley Rd,
 BS3 1QG",,,Bristol,BS3 1QG,United Kingdom,51.4436875,-2.6055339,Pending,Public Toilet,TRUE,TRUE,,,,,,,,TRUE,8:30,20:15,8:30,20:15,8:30,20:15,8:30,20:15,8:30,18:00,,,,,TBD,
Ashton Gate Limited,,"Coffee shop, Ashton Gate Stadium, Bristol",,,Bristol,BS3 2EL,United Kingdom,51.4393106,-2.620747,Pending,Public Toilet,TRUE,TRUE,,,,,,,,TRUE,8:00,16:00,8:00,16:00,8:00,16:00,8:00,16:00,8:00,16:00,,,,,TBD,
The Jersey Lily,,"193 Whiteladies Road, Bristol",,,Bristol,BS8 2SB,United Kingdom,51.4695036,-2.6140118,Pending,Public Toilet,TRUE,FALSE,,,,,,,,TRUE,11:00,23:00,11:00,23:00,11:00,23:00,11:00,24:00:00,11:00,24:00:00,11:00,24:00:00,12:00,23:00,TBD,
Oldbury Court Estate - Public Conveniences,,"Oldbury Court Road, Bristol",,,Bristol,BS16 2JH,United Kingdom,51.4879161,-2.5281763,Pending,Public Toilet,TRUE,TRUE,,,,,,,,TRUE,8:00,17:15,8:00,17:15,8:00,17:15,8:00,17:15,8:00,17:15,8:00,17:15,8:00,17:15,TBD,
Tobacco Factory,,"Raleigh Road, Bristol",,,Bristol,BS3 1TF,United Kingdom,51.442391,-2.6134997,Pending,Public Toilet,TRUE,TRUE,,,,,,,,TRUE,10:00,23:00,10:00,23:00,10:00,23:00,10:00,23:00,10:00,12:00,10:00,12:00,10:00,23:00,TBD,
The Kitchen,,"The Station, Silver Street, Bristol",,,Bristol,BS1 2AG,United Kingdom,51.4574451,-2.5928135,Pending,Public Toilet,TRUE,TRUE,,,,,,,,TRUE,9:00,15:00,9:00,15:00,9:00,15:00,9:00,15:00,9:00,15:00,9:00,15:00,,,TBD,
"Cabot Circus Shopping Centre, Lower ground floor",,"Glass House, Broadmead",,,Bristol,BS1 3BX,United Kingdom,51.4589417,-2.5843309,Pending,Public Toilet,TRUE,TRUE,,,,,,,,TRUE,9:00,20:15,9:00,20:15,9:00,20:15,9:00,20:15,9:00,20:15,9:00,20:15,9:00,17:30,TBD,
Campus Pool,,"Whitchurch Rd, Bishopsworth",,,Bristol,BS13 7RW,United Kingdom,51.4159869,-2.6171368,Pending,Public Toilet,TRUE,TRUE,,,,,,,,TRUE,10:00,21:00,10:00,21:00,10:00,21:00,10:00,21:00,10:00,18:00,10:00,18:00,,,TBD,
"Ashton Court Estate, golf hub Public Conveniences",,"Golf Hub, Rownham Hill, Long Ashton, North Somerset",,,Bristol,BS8 3PX,United Kingdom,51.4511158,-2.6441136,Pending,Public Toilet,TRUE,TRUE,,,,,,,,TRUE,7:00,17:00,7:00,17:00,7:00,17:00,7:00,17:00,7:00,17:00,7:00,17:00,7:00,17:00,TBD,
Blaise Castle Estate Public Conveniences,,"Kings Weston Road, Kingsweston, Bristol",,,Bristol,BS10 7QT,United Kingdom,51.5054365,-2.6366494,Pending,Public Toilet,TRUE,TRUE,,,,,,,,TRUE,8:30,16:00,8:30,16:00,8:30,16:00,8:30,16:00,8:30,16:00,,,,,TBD,
"Ambition Lawrence Weston, Lawrence Weston Youth Centre",,"Lawrence Weston Road, Long Cross, Bristol",,,Bristol,BS11 0RX,United Kingdom,51.5049439,-2.6538192,Pending,Public Toilet,TRUE,TRUE,,,,,,,,TRUE,9:00,16:00,9:00,16:00,9:00,16:00,9:00,16:00,9:00,16:00,,,,,TBD,
Spike Island,,"133 Cumberland Road, Bristol",,,Bristol,BS1 6UX,United Kingdom,51.4470399,-2.6106211,Pending,Public Toilet,TRUE,TRUE,,,,,,,,TRUE,8:30,17:00,8:30,17:00,8:30,17:00,8:30,17:00,8:30,17:00,10:00,17:00,10:00,17:00,TBD,
Fishponds Library,,"Robinson House, Hockeys Lane, Bristol",,,Bristol,BS16 3HL,United Kingdom,51.477587,-2.5331226,Pending,Public Toilet,TRUE,TRUE,,,,,,,,TRUE,10:00,17:00,10:00,17:00,,,11:00,19:00,10:00,17:00,10:00,17:00,,,TBD,
Tinto Lounge,,"344-346 Gloucester Road, Horfield, Bristol",,,Bristol,BS7 8TP,United Kingdom,51.4830159,-2.5874452,Pending,Public Toilet,TRUE,FALSE,,,,,,,,TRUE,8:00,23:00,8:00,23:00,8:00,23:00,8:00,23:00,8:00,23:00,9:00,23:00,9:00,23:00,TBD,
Long Ashton Park and Ride,,"Aston Road, Bristol",,,Bristol,BS3 2HB,United Kingdom,51.4362348,-2.6358335,Pending,Public Toilet,TRUE,TRUE,,,,,,,,TRUE,5:30,22:45,5:30,22:45,5:30,22:45,5:30,22:45,5:30,22:45,5:30,22:45,,,TBD,
McDonald's - Brislington,,"Bath Road / Emery Road,
 BS4 5PF",,,Bristol,BS4 5PF,United Kingdom,51.4300676,-2.53874,Pending,Public Toilet,TRUE,TRUE,,,,,,,,TRUE,0:00,24:00:00,0:00,24:00:00,0:00,24:00:00,0:00,24:00:00,0:00,24:00:00,0:00,24:00:00,0:00,24:00:00,TBD,
Burger King - St Phillips Causeway,,"St Phillips Causeway,
 BS4 3BD",,,Bristol,BS4 3BD,United Kingdom,51.4423066,-2.5614303,Pending,Public Toilet,TRUE,FALSE,,,,,,,,TRUE,10:00,22:00,10:00,22:00,10:00,22:00,10:00,22:00,8:00,1:00,8:00,1:00,10:00,22:00,TBD,
JD Weatherspoon - Van Dyck Forum,,"Van Dyck Forum, 748-756 Fishponds Road",,,Bristol,BS16 3UA,United Kingdom,51.4795782,-2.5302371,Pending,Public Toilet,TRUE,TRUE,,,,,,,,TRUE,8:00,24:00:00,8:00,24:00:00,8:00,24:00:00,8:00,24:00:00,8:00,1:00,8:00,1:00,8:00,24:00:00,TBD,
Conham river park,,Conham Road,,,Bristol,BS15 1AW,United Kingdom,51.4471827,-2.5347769,Pending,Public Toilet,TRUE,FALSE,,,,,,,,FALSE,,,,,,,,,,,,,,,TBD,
Ashton Court Estate Public Conveniences Stable yard,,"Kennel Lodge Road, Long Ashton, North Somerset",,,Bristol,BS41 9JN,United Kingdom,51.4441959,-2.6377479,Pending,Public Toilet,TRUE,TRUE,,,,,,,,TRUE,7:00,17:00,7:00,17:00,7:00,17:00,7:00,17:00,7:00,17:00,7:00,17:00,7:00,17:00,TBD,
Burger King,,"4 Eastgate Road, Eastgate Centre",,,Bristol,BS5 6XX,United Kingdom,51.4740476,-2.5650452,Pending,Public Toilet,TRUE,TRUE,,,,,,,,TRUE,8:00,23:00,8:00,23:00,8:00,23:00,8:00,23:00,8:00,23:00,9:00,23:00,9:00,23:00,TBD,
We the curious - Cafe,,"Anchor Road, Bristol",,,Bristol,BS1 5DB,United Kingdom,51.4504213,-2.6004855,Pending,Public Toilet,TRUE,TRUE,,,,,,,,TRUE,10:00,17:00,10:00,17:00,10:00,17:00,10:00,17:00,10:00,17:00,10:00,18:00,10:00,18:00,TBD,
Create Centre,,"Smeaton Road, Howells",,,Bristol,BS1 6XN,United Kingdom,51.4471111,-2.6224185,Pending,Public Toilet,TRUE,TRUE,,,,,,,,TRUE,8:30,17:00,8:30,17:00,8:30,17:00,8:30,17:00,8:30,16:30,10:00,16:00,8:00,24:00:00,TBD,
V-shed (JD Weatherspoons),,"V Shed, Canon's Road",,,Bristol,BS1 5UH,United Kingdom,51.4496903,-2.5988351,Pending,Public Toilet,TRUE,TRUE,,,,,,,,TRUE,8:00,24:00:00,8:00,1:00,8:00,2:00,8:00,2:00,8:00,2:00,8:00,3:00,8:00,0:00,TBD,
River Cottage Canteen,,"St Johns Court, Whiteladies Road, Bristol",,,Bristol,BS8 2QY,United Kingdom,51.4678359,-2.6131245,Pending,Public Toilet,TRUE,TRUE,,,,,,,,TRUE,10:00,22:00,10:00,22:00,10:00,22:00,10:00,22:00,10:00,22:00,9:00,22:00,9:00,17:00,TBD,
Banco Lounge,,"107 Wells Rd, Bristol",,,Bristol,BS4 2BS,United Kingdom,51.4415405,-2.5775816,Pending,Public Toilet,TRUE,TRUE,,,,,,,,TRUE,9:00,23:00,9:00,23:00,9:00,23:00,9:00,23:00,9:00,23:00,9:00,23:00,9:00,23:00,TBD,
Victoria Park Public Conveniences Park Lodge,,"Somerset Terrace, Bristol",,,Bristol,BS3 4LL,United Kingdom,51.4400883,-2.5897552,Pending,Public Toilet,TRUE,TRUE,,,,,,,,TRUE,7:30,17:15,7:30,17:15,7:30,17:15,7:30,17:15,7:30,17:15,7:30,17:15,7:30,17:15,TBD,
Ardagh Public Conveniences Horfield Common,,"Kellaway Avenue, Horfield, Bristol",,,Bristol,BS6 7YL,United Kingdom,51.4850682,-2.5929046,Pending,Public Toilet,TRUE,TRUE,,,,,,,,TRUE,8:00,17:15,8:00,17:15,8:00,17:15,8:00,17:15,8:00,17:15,8:00,17:15,8:00,17:15,TBD,
"The Greenway Centre, The Southmead Development Trust",,"The Greenway Centre, Doncaster Road",,,Bristol,BS10 5PY,United Kingdom,51.4994876,-2.6087913,Pending,Public Toilet,TRUE,TRUE,,,,,,,,TRUE,8:00,22:00,8:00,22:00,8:00,22:00,8:00,22:00,8:00,22:00,9:00,17:00,9:00,17:00,TBD,
Stoke Road Public Toilets,,"Stoke Road by the Water Tower, BS9 1FG",,,Bristol,BS9 1FG,United Kingdom,51.471777,-2.6176685,Pending,Public Toilet,TRUE,TRUE,,,,,,,,TRUE,7:45,20:15,7:45,20:15,7:45,20:15,7:45,20:15,7:45,20:15,7:45,20:15,7:45,20:15,TBD,
Alma Tavern,,"18-20 Alma Vale Road, Clifton, Bristol",,,Bristol,BS8 2HY,United Kingdom,51.4625222,-2.6147668,Pending,Public Toilet,TRUE,FALSE,,,,,,,,TRUE,12:00,23:00,12:00,23:00,12:00,23:00,12:00,23:00,12:00,0:00,12:00,0:00,12:00,23:00,TBD,
Helios Medical Centre Stoke Hill,,"17 Stoke Hill, Bristol",,,Bristol,BS9 1JN,United Kingdom,51.4754119,-2.6307484,Pending,Public Toilet,TRUE,TRUE,,,,,,,,TRUE,8:00,19:00,8:00,20:00,7:30,18:30,,,8:00,18:30,,,,,TBD,
Bradgate Health Centre (Pioneer Medical Group),,"Ardenton Walk, Brentry",,,Bristol,BS10 6SP,United Kingdom,51.5102722,-2.6176811,Pending,Public Toilet,TRUE,TRUE,,,,,,,,TRUE,8:00,18:30,8:00,18:30,8:00,18:30,8:00,18:30,8:00,18:30,8:00,13:00,,,TBD,
Snuff Mills Park Public Conveniences,,"River View, Bristol,
 BS161DL",,,Bristol,BS16 1DL,United Kingdom,51.4862386,-2.5444859,Pending,Public Toilet,TRUE,TRUE,,,,,,,,TRUE,8:00,17:15,8:00,17:15,8:00,17:15,8:00,17:15,8:00,17:15,8:00,17:15,8:00,17:15,TBD,
East Trees Health Centre,,100a Fishponds Road,,,Bristol,BS5 6SA,United Kingdom,51.4701054,-2.5621997,Pending,Public Toilet,TRUE,TRUE,,,,,,,,TRUE,8:00,19:30,8:00,18:30,8:00,18:30,8:00,18:30,8:00,18:30,,,,,TBD,
Waitrose - Henleaze,,51 Northumbria Drive,,,Bristol,BS9 4HN,United Kingdom,51.4804013,-2.6122842,Pending,Public Toilet,TRUE,TRUE,,,,,,,,TRUE,7:30,21:00,7:30,21:00,7:30,21:00,7:30,21:00,7:30,21:00,7:30,21:00,10:00,16:00,TBD,
Horfield Lesuire centre,,"Dorinan Road, Horfield",,,Bristol,BS7 0XW,United Kingdom,51.49369,-2.5837751,Pending,Public Toilet,TRUE,TRUE,,,,,,,,TRUE,6:30,22:30,6:30,22:30,6:30,22:30,6:30,22:30,6:30,22:30,8:00,20:00,8:00,20:00,TBD,
The Range,,"Imperial Retail Park, Hartcliffe Way, Bristol",,,Bristol,BS13 7TJ,United Kingdom,51.4168026,-2.6026106,Pending,Public Toilet,TRUE,TRUE,,,,,,,,TRUE,8:30,20:00,8:30,20:00,8:30,20:00,8:30,20:00,8:30,20:00,8:30,20:00,10:00,17:00,TBD,
South Bristol Crematorium and Cemetery,,"Bridgwater Road, Bristol",,,Bristol,BS13 7AS,United Kingdom,51.4242413,-2.6244454,Pending,Public Toilet,TRUE,TRUE,,,,,,,,TRUE,9:00,16:00,9:00,16:00,9:00,16:00,9:00,16:00,9:00,16:00,11:00,16:00,11:00,16:00,TBD,
The Yeoman,,700 Wells Road,,,Bristol,BS14 9HX,United Kingdom,51.4135165,-2.5592944,Pending,Public Toilet,TRUE,TRUE,,,,,,,,TRUE,11:00,23:00,11:00,23:00,11:00,23:00,11:00,23:00,11:00,23:00,11:00,23:00,11:00,23:00,TBD,
Sainsbury's - Clifton Down,,"Clifton Down Shopping Centre, Whiteladies Road,
 BS8 2NN",,,Bristol,BS8 2NN,United Kingdom,51.4640093,-2.6106108,Pending,Public Toilet,TRUE,TRUE,,,,,,,,TRUE,8:00,22:00,8:00,22:00,8:00,22:00,8:00,22:00,8:00,22:00,8:00,22:00,11:00,17:00,TBD,
JD Weatherspoon - St Georges Hall,,"St Georges Hall, 203 Church Rd",,,Bristol,BS5 9HL,United Kingdom,51.4593754,-2.5552059,Pending,Public Toilet,TRUE,TRUE,,,,,,,,TRUE,8:00,12:00,8:00,12:00,8:00,12:00,8:00,12:00,8:00,1:00,8:00,1:00,8:00,12:00,TBD,
Bristol Museum and Art Gallery,,"Queens Road, Bristol",,,Bristol,BS8 1RL,United Kingdom,51.4562868,-2.6051537,Pending,Public Toilet,TRUE,TRUE,,,,,,,,TRUE,10:00,17:00,10:00,17:00,10:00,17:00,10:00,17:00,10:00,17:00,10:00,17:00,10:00,17:00,TBD,
Tenpin Bristol,,St Phillips causeway,,,Bristol,BS2 0SP,United Kingdom,51.4488469,-2.5601928,Pending,Public Toilet,TRUE,TRUE,,,,,,,,TRUE,11:00,23:00,11:00,23:00,11:00,23:00,11:00,23:00,11:00,23:00,10:00,23:00,10:00,23:00,TBD,
Merrywood Practice,,"Knowle Health Park, Downton Road",,,Bristol,BS4 1WH,United Kingdom,51.4280481,-2.5964572,Pending,Public Toilet,TRUE,TRUE,,,,,,,,TRUE,8:30,18:30,8:30,18:30,8:30,18:30,8:30,18:30,8:30,18:30,,,,,TBD,
Asda Whitchurch,,"Whitchurch District Centre, Oatlands Avenue",,,Bristol,BS14 0ST,United Kingdom,51.4139098,-2.5709607,Pending,Public Toilet,TRUE,TRUE,,,,,,,,TRUE,8:00,23:00,7:30,23:00,7:30,23:00,7:30,23:00,7:30,23:00,7:00,22:00,10:00,16:00,TBD,
Helios - Sea Mills Surgery,,2 Riverleaze,,,Bristol,BS9 2HL,United Kingdom,51.4849132,-2.6500828,Pending,Public Toilet,TRUE,TRUE,,,,,,,,TRUE,8:00,18:30,8:00,18:30,8:00,18:30,8:00,18:30,8:00,18:30,,,,,TBD,
The Hub,,"1 Fedden Building, Gainsborough Square",,,Bristol,BS7 9FB,United Kingdom,51.4900898,-2.5625921,Pending,Public Toilet,TRUE,TRUE,,,,,,,,TRUE,9:00,15:00,9:00,15:00,9:00,15:00,9:00,15:00,9:00,15:00,,,,,TBD,
"Greenbank Cemetery (The Lodge, Greenbank Road entrance)",,"Greenbank Road, Easton, Bristol",,,Bristol,BS5 6HL,United Kingdom,51.4685088,-2.5536961,Pending,Public Toilet,TRUE,FALSE,,,,,,,,TRUE,9:00,16:00,9:00,16:00,9:00,16:00,9:00,16:00,9:00,16:00,11:00,16:00,11:00,16:00,TBD,
Suspension Bridge Toilets,,"Suspension Bridge Road, opposite toll station",,,Bristol,BS9 3ZZ,United Kingdom,51.4560827,-2.6251998,Pending,Public Toilet,TRUE,TRUE,,,,,,,,TRUE,8:00,23:00,8:00,23:00,8:00,23:00,8:00,23:00,8:00,23:00,8:00,23:00,8:00,23:00,TBD,
Grupo Lounge (Lounges),,8 Canford Lane,,,Bristol,BS9 3DH,United Kingdom,51.4928879,-2.6194727,Pending,Public Toilet,TRUE,TRUE,,,,,,,,TRUE,9:00,23:00,9:00,23:00,9:00,23:00,9:00,23:00,9:00,23:00,9:00,23:00,9:00,23:00,TBD,
SS Great Britain,,"Great Western Dockyard, Gas Ferry Road, Bristol",,,Bristol,BS1 6TY,United Kingdom,51.4488431,-2.6074574,Pending,Public Toilet,TRUE,TRUE,,,,,,,,TRUE,10:00,16:30,10:00,16:30,10:00,16:30,10:00,16:30,10:00,16:30,10:00,16:30,10:00,16:30,TBD,
Watershed,,"1 Cannons Rd, Harbourside, Bristol",,,Bristol,BS1 5TX,United Kingdom,51.4517734,-2.5980711,Pending,Public Toilet,TRUE,TRUE,,,,,,,,TRUE,9:00,23:00,9:00,23:00,9:00,23:00,9:00,23:00,9:00,23:00,10:00,23:00,10:00,23:00,TBD,
Cabot Circus Shopping Centre 3 floor management suite,,"Glass House, Broadmead,BS1 3BX",,,Bristol,BS1 3BX,United Kingdom,51.4582697,-2.5847416,Pending,Public Toilet,TRUE,TRUE,,,,,,,,TRUE,9:00,20:15,9:00,20:15,9:00,20:15,9:00,20:15,9:00,20:15,9:00,20:15,9:00,17:30,TBD,
Source Cafe - St Nicholas Market,,"St Nicholas Market Office, St Nicholas Market, Corn Street, Bristol",,,Bristol,BS1 1JQ,United Kingdom,51.454404,-2.5935289,Pending,Public Toilet,TRUE,TRUE,,,,,,,,TRUE,9:30,17:00,9:30,17:00,9:30,17:00,9:30,17:00,9:30,17:00,9:30,17:30,,,TBD,
Bristol South Swimming Pool,,Dean Lane,,,Bristol,BS3 1BS,United Kingdom,51.4422586,-2.6006105,Pending,Public Toilet,TRUE,TRUE,,,,,,,,TRUE,7:30,20:00,7:30,19:00,7:30,20:00,7:30,20:00,7:30,18:00,8:00,15:45,,,TBD,
Greenbank Cemetery (The Mortuary),,"Greenbank Road, Easton, Bristol",,,Bristol,BS5 6HL,United Kingdom,51.4704278,-2.5552757,Pending,Public Toilet,TRUE,FALSE,,,,,,,,TRUE,9:00,16:30,9:00,16:30,9:00,16:30,9:00,16:30,9:00,16:30,,,,,TBD,
Porto Lounge (business name is Lounges),,765 Fishponds Road,,,Bristol,BS16 3BS,United Kingdom,51.4817188,-2.5281162,Pending,Public Toilet,TRUE,TRUE,,,,,,,,TRUE,9:00,23:00,9:00,23:00,9:00,23:00,9:00,23:00,9:00,23:00,9:00,23:00,9:00,23:00,TBD,
Air Balloon Surgery,,"Kenn Rd, St George, Bristol",,,Bristol,BS5 7PD,United Kingdom,51.4589376,-2.5324683,Pending,Public Toilet,TRUE,TRUE,,,,,,,,TRUE,8:00,18:30,8:00,18:30,8:00,18:30,8:00,18:30,8:00,18:30,,,,,TBD,
The Old Crow,,Crow Lane,,,Bristol,BS10 7DR,United Kingdom,51.5099332,-2.6188163,Pending,Public Toilet,TRUE,FALSE,,,,,,,,TRUE,11:00,23:00,11:00,23:00,11:00,23:00,11:00,23:00,11:00,23:00,11:00,23:00,11:00,23:00,TBD,
Creative Workspace,,"Queens Road, Withywood, Bristol",,,Bristol,BS13 8LF,United Kingdom,51.4108277,-2.6185639,Pending,Public Toilet,TRUE,TRUE,,,,,,,,TRUE,,,9:00,15:00,9:00,15:00,9:00,15:00,9:00,15:00,,,,,TBD,
Windmill Hill City Farm,,"Philip Street, Bedminster, Bristol",,,Bristol,BS3 4EA,United Kingdom,51.4423138,-2.5928253,Pending,Public Toilet,TRUE,TRUE,,,,,,,,TRUE,9:00,17:00,9:00,17:00,9:00,17:00,9:00,17:00,9:00,17:00,9:00,17:00,9:00,17:00,TBD,